Image_Vector,Label
[254 251 251 ... 141 255 255],UnPhising
[240 240 240 ... 211 211 211],UnPhising
[140 254 252 ... 255 255 255],UnPhising
[204 204 204 ...  23  26  24],UnPhising
[15 17 18 ... 26 15 15],UnPhising
[102 101 186 ...  64  66  66],UnPhising
[0 0 0 ... 0 0 0],UnPhising
[231 232 255 ... 254 232 231],UnPhising
[236 236 236 ... 255 255 255],UnPhising
[ 0 20 41 ...  8  8 18],UnPhising
[53 53 53 ... 53 53 53],UnPhising
[245 245 245 ... 255 255 255],UnPhising
[225 225 225 ... 255 255 255],UnPhising
[255 255 255 ... 255 255 255],UnPhising
[ 95  95  95 ... 244 244 244],UnPhising
[ 24 255 255 ...  11  22  27],UnPhising
[20 20 20 ... 20 20 20],UnPhising
[153 153 153 ... 153 153 153],UnPhising
[255 255 255 ...  51  51  51],UnPhising
[ 89  89 255 ... 254  89  89],UnPhising
[239 239 239 ... 255 255 255],UnPhising
[47 47 47 ... 43 43 43],UnPhising
[255 255 255 ... 248 255 255],UnPhising
[255 255 255 ... 122 254 255],UnPhising
[230 230 230 ... 255 255 255],UnPhising
[228 223 219 ... 242 242 242],UnPhising
[ 36  36  36 ... 254 253 255],UnPhising
[24 24 24 ... 40 40 40],UnPhising
[254 254 253 ... 255 255 255],UnPhising
[ 49  49  49 ... 255 255 255],UnPhising
[107 108 119 ...   0   0   0],UnPhising
[ 20  20  21 ... 255 255  40],UnPhising
[153  77  77 ... 255 255 153],UnPhising
[221 218 218 ... 255 255 218],UnPhising
[207 161 161 ... 145 145 145],UnPhising
[ 64  67  65 ... 215 219 207],UnPhising
[255 255 239 ...  27  26 255],UnPhising
[ 89  80  80 ... 241 255 101],UnPhising
[ 15  15  15 ... 255 255 234],UnPhising
[ 95  95  95 ... 244 244 244],UnPhising
[207 161 161 ... 255 255 255],UnPhising
[255 255 255 ... 255 255 255],UnPhising
[  1   1   0 ...   0 181 177],UnPhising
[254 251 249 ... 255 255 255],UnPhising
[193 255 255 ... 246 255 255],UnPhising
[164 166 164 ... 167 161 162],UnPhising
[255 255 255 ... 163 163 163],UnPhising
[245 253 253 ... 255 255 255],UnPhising
[  0   0   0 ... 255 255 255],UnPhising
[248 248 248 ...  70  61 167],UnPhising
[138 138 138 ... 100 100 100],UnPhising
[ 61  66  59 ... 206 208 209],UnPhising
[241 241 241 ... 255 255 241],UnPhising
[ 23  23  23 ... 255 255 255],UnPhising
[255 255 255 ...  53  53 255],UnPhising
[213 216 118 ... 255 255 255],UnPhising
[ 78 108  75 ... 255 255 255],UnPhising
[61 61 61 ... 17 17 17],UnPhising
[255 255 255 ... 227 227 227],UnPhising
[ 70  70  70 ... 255 255 255],UnPhising
[254 192 254 ... 255 255 255],UnPhising
[ 52  54  54 ... 214 214 214],UnPhising
[ 51  51  51 ... 255 251 251],UnPhising
[255 255 255 ... 255 255 255],UnPhising
[255 255 255 ... 193 193 193],UnPhising
[227 227 227 ... 200   2   0],UnPhising
[51 51 51 ... 49 49 49],UnPhising
[241 241 241 ... 241 241 241],UnPhising
[241 241 241 ... 229 229 229],UnPhising
[ 84 148  97 ...  25  20  85],UnPhising
[  0  77  79 ... 254 254  28],UnPhising
[30 29 88 ... 94 94 94],UnPhising
[241 241 241 ... 255 255 255],UnPhising
[255 255 255 ... 255 255 255],UnPhising
[35 41 40 ... 99 94 94],UnPhising
[254 254 254 ...  50  47  48],UnPhising
[200 225 206 ... 255 255 255],UnPhising
[255 211 218 ...  32  31 255],UnPhising
[255 255 255 ... 255 255 255],UnPhising
[255 249 255 ... 238 238 238],UnPhising
[34 34 34 ... 37 37 36],UnPhising
[255 255 255 ... 255 255 255],UnPhising
[255 255 255 ... 255 255 255],UnPhising
[255 255 255 ... 248 239 240],UnPhising
[255 255 255 ... 255 255 255],UnPhising
[120 120 121 ...  32 255 255],UnPhising
[ 87  87  97 ... 250 250 250],UnPhising
[  0   0   0 ... 207 208 237],UnPhising
[191 247 247 ... 255  34  34],UnPhising
[  0   0   0 ... 239 255 255],UnPhising
[159 159 159 ... 152 156 132],UnPhising
[223 222 221 ... 255 255 255],UnPhising
[255 255 255 ... 255 255 255],UnPhising
[255 255 255 ... 255 255 255],UnPhising
[157 157 156 ...  19   7 208],UnPhising
[ 60  60  60 ... 100 102  99],UnPhising
[194 194 194 ... 240 240 240],UnPhising
[255 255 254 ... 255 255 255],UnPhising
[ 13  15  13 ... 255 255 255],UnPhising
[ 29  29  29 ... 255 255 255],UnPhising
[255 255 255 ... 255 255 255],UnPhising
[116 116 116 ... 255 255 255],UnPhising
[ 58  58  58 ... 235 235 235],UnPhising
[255 255 255 ... 255 255 255],UnPhising
[ 12  44  44 ... 162 255  17],UnPhising
[47 47 47 ... 59 59 59],UnPhising
[ 42  42  42 ... 247 247 247],UnPhising
[255 255 255 ... 232 232 232],UnPhising
[ 41  41  41 ... 255 255 255],UnPhising
[255 255 255 ... 255 255 255],UnPhising
[ 26  26  26 ... 242 242 242],UnPhising
[ 39  39  39 ... 237 237 237],UnPhising
[255 255 255 ... 255 255 255],UnPhising
[255 255 255 ... 106 255 255],UnPhising
[  0   0   0 ... 104 104 104],UnPhising
[ 67  27  33 ... 100 100 218],UnPhising
[79 79 72 ... 97 97 97],UnPhising
[123 123 123 ... 123 123 123],UnPhising
[206 206 206 ... 243 243 243],UnPhising
[118 118 118 ... 255 254 204],UnPhising
[ 79  80  81 ... 188 188 187],UnPhising
[0 0 0 ... 0 0 0],UnPhising
[223 222 222 ... 255 255 255],UnPhising
[61 61 61 ... 63 63 63],UnPhising
[242 242 242 ... 205 205 205],UnPhising
[88 88 88 ... 34 34 34],UnPhising
[ 86  86  87 ... 255 255 255],UnPhising
[255 255 255 ... 255 255 255],UnPhising
[119 119 119 ... 255 255 255],UnPhising
[ 16  16  16 ... 205 205 205],UnPhising
[253 253 253 ... 253 253 253],UnPhising
[  0   0   0 ... 255 255 255],UnPhising
[ 20  20  20 ... 255 255 255],UnPhising
[130 223 139 ... 183 183 183],UnPhising
[255 255 255 ... 255 255 255],UnPhising
[ 77  77  77 ... 255 255 255],UnPhising
[ 40  40  40 ... 255 255 255],UnPhising
[ 68  68  68 ... 254 255 255],UnPhising
[246 246 246 ... 255 255 255],UnPhising
[156 158 255 ... 231 231 231],UnPhising
[237  92  69 ... 255 255 255],UnPhising
[239 239 239 ...  51  51 255],UnPhising
[113 113 124 ... 255 255 255],UnPhising
[255 255 255 ... 255 255 255],UnPhising
[105 105 105 ... 189 189 189],UnPhising
[246 246 246 ... 255 255 255],UnPhising
[255 255 255 ... 179 190 255],UnPhising
[255 255 241 ... 255 255 255],UnPhising
[255 255 255 ... 255 255 255],UnPhising
[51 51 51 ... 51 51 51],UnPhising
[255 255 255 ... 255 255 224],UnPhising
[ 84  84  84 ... 240 242 218],UnPhising
[ 49  49  49 ... 255 255 255],UnPhising
[255 252 253 ... 255 252 255],UnPhising
[105 103 105 ... 199 200 212],UnPhising
[ 80  80  80 ... 255 114 114],UnPhising
[ 90  90  90 ... 255 255 255],UnPhising
[255 255 255 ... 255 255 255],UnPhising
[243 243 243 ... 255 255 255],UnPhising
[255 255 255 ... 255 255 255],UnPhising
[ 10  10  10 ... 247 247 247],UnPhising
[255 255 255 ... 255 255 255],UnPhising
[ 54  54  54 ... 255 255 255],UnPhising
[34 33 34 ... 55 55 55],UnPhising
[255 255 255 ...  93 254 255],UnPhising
[248 248 248 ... 255 255 255],UnPhising
[45 45 45 ... 68 68 68],UnPhising
[ 74  74  74 ... 254 255 255],UnPhising
[238 238 238 ...  30  30  30],UnPhising
[ 20  20  20 ... 249 249 249],UnPhising
[ 77  77  77 ... 255 255 255],UnPhising
[40 40 40 ... 85 85 85],UnPhising
[255 255 255 ... 255 255 255],UnPhising
[ 20  20  20 ... 249 249 249],UnPhising
[125 125 125 ... 255 255 255],UnPhising
[255 229 229 ... 255 255 240],UnPhising
[255 255 255 ... 255 255 255],UnPhising
[ 51  51  51 ... 143 143 142],UnPhising
[ 81  81  81 ... 140 140 140],UnPhising
[193 193 193 ... 224 224 224],UnPhising
[ 83 218  85 ...  82  86  85],UnPhising
[ 85  85  85 ... 249 249 249],UnPhising
[255 255 254 ... 255 255 249],UnPhising
[  0   0   0 ... 236 236 236],UnPhising
[ 34  34  34 ... 245 245 245],UnPhising
[255 255 254 ... 255 255 255],UnPhising
[255 254 242 ...   0   0 255],UnPhising
[ 51  51  51 ... 255 255 255],UnPhising
[ 67  60  61 ... 254 255 255],UnPhising
[ 51  52  51 ... 255 255 255],UnPhising
[255 255 254 ... 255 255 255],UnPhising
[243 243 243 ... 255 255 255],UnPhising
[113 113 113 ... 232 232 232],UnPhising
[248 248 248 ... 238 238 238],UnPhising
[ 57  57  57 ... 251 251 251],UnPhising
[ 85  86  83 ... 255 255 255],UnPhising
[255 255 255 ... 255 255 255],UnPhising
[73 73 73 ...  4  3  5],UnPhising
[ 41  41  41 ... 247 247 247],UnPhising
[212 212 212 ... 245 255 255],UnPhising
[255 229 238 ... 244 244 244],UnPhising
[197 197 197 ... 246 246 246],UnPhising
[255 255 255 ... 255 255 255],UnPhising
[255 255 255 ... 255 255 255],UnPhising
[ 83  83 252 ... 255 255 255],UnPhising
[255 255 255 ... 255 255 255],UnPhising
[255 255 255 ...  54  54  54],UnPhising
[167 167 167 ... 221  93  99],UnPhising
[255 255 255 ... 255 255 255],UnPhising
[  0   0   0 ... 255 255 240],UnPhising
[236  26  26 ... 254 255 236],UnPhising
[255 255 254 ...  11   7  17],UnPhising
[244 244 244 ... 254 254 255],UnPhising
[102 102 102 ... 255 255 255],UnPhising
[255 255 255 ... 255 255 255],UnPhising
[254 254 253 ... 243 248 201],UnPhising
[ 34  34 113 ...  34  34  34],UnPhising
[ 42  37  39 ... 243 243 243],UnPhising
[255 255 255 ... 255 255 255],UnPhising
[ 82  82  82 ... 255 255 255],UnPhising
[ 50  50  50 ... 137 137 137],UnPhising
[36 40 95 ... 37 34 32],UnPhising
[255 197 197 ... 174 181 255],UnPhising
[255 255 255 ... 244 244 244],UnPhising
[245 245 245 ... 245 245 245],UnPhising
[255 255 217 ... 255 255 255],UnPhising
[255 255 255 ... 255 255 255],UnPhising
[241 241 241 ... 241 241 241],UnPhising
[255 255  64 ... 255 255 255],UnPhising
[255 255 255 ... 255 255 255],UnPhising
[255 255 255 ... 251 251 251],UnPhising
[ 44  44  44 ... 255 255 255],UnPhising
[224 225 226 ... 241 255 255],UnPhising
[ 47  47  49 ... 255 255 255],UnPhising
[ 68  70  71 ... 255 255 255],UnPhising
[114 114 114 ...  63  18  38],UnPhising
[ 72  72  72 ... 255 251 251],UnPhising
[255 255 255 ... 255 255 255],UnPhising
[156 255 255 ... 255 255 156],UnPhising
[ 58  58  58 ... 233 235 235],UnPhising
[58 58 58 ... 79 79 79],UnPhising
[105 105 105 ... 255 255 144],UnPhising
[ 54  54  54 ... 216 217 218],UnPhising
[ 80  80  80 ... 255 255 255],UnPhising
[255 255 255 ... 255 255 255],UnPhising
[ 97  97  97 ... 255 255 255],UnPhising
[255 255 255 ...  44  44  44],UnPhising
[255 255 255 ... 255 255 255],UnPhising
[241 241 241 ... 241 241 241],UnPhising
[255 255 255 ... 255 255 255],UnPhising
[ 71 247 232 ... 251 251 255],UnPhising
[ 61  77  77 ... 250 250 250],UnPhising
[242 242 242 ...  49  49  49],UnPhising
[ 21  21  21 ... 146 255 255],UnPhising
[204 202 204 ... 244 244 244],UnPhising
[255 255 255 ... 242 240  27],UnPhising
[ 64  64  64 ... 113 108 113],UnPhising
[255 255 255 ... 108 108 108],UnPhising
[255 255 255 ... 108 108 108],UnPhising
[255 255 255 ... 255 255 255],UnPhising
[255 255 253 ... 255 255 255],UnPhising
[255 255 255 ... 255 255 255],UnPhising
[ 31  35  33 ... 202 205 240],UnPhising
[ 63  63  63 ... 207 206 207],UnPhising
[241 228  59 ... 238 238 255],UnPhising
[213 212 213 ... 255 255 255],UnPhising
[255 255 255 ... 255 255 255],UnPhising
[255 255 255 ... 239 239 239],UnPhising
[242 242 242 ...  64  64  64],UnPhising
[255 255 255 ... 255 255 255],UnPhising
[255 255 255 ... 255 255 255],UnPhising
[  0   0   0 ... 255 255 255],UnPhising
[ 3  3  3 ... 39 39 39],UnPhising
[255 255 255 ... 238 238 238],UnPhising
[255 255 255 ... 255 255 255],UnPhising
[242 242 242 ... 252 252 252],UnPhising
[255 255 255 ... 235 235 235],UnPhising
[255 255 255 ... 255 255 255],UnPhising
[ 55  55  55 ... 255 255 255],UnPhising
[ 56  56  56 ... 103 103 103],UnPhising
[255 255 255 ... 255 255 243],UnPhising
[171 243 243 ... 244 244 244],UnPhising
[255 255 255 ... 255 255 255],UnPhising
[255 255 255 ... 255 255 255],UnPhising
[251 251 251 ... 253 254 254],UnPhising
[255 150 147 ... 255 255 255],UnPhising
[ 45  45  45 ... 255 255 255],UnPhising
[ 75  76  76 ... 255 178 180],UnPhising
[ 51  51  51 ... 244 244 244],UnPhising
[212 249 250 ...  21 238 201],UnPhising
[ 88  88  88 ... 255 255 255],UnPhising
[255 254 255 ... 244 244 244],UnPhising
[242 241 243 ... 255 255 245],UnPhising
[ 30  30  30 ... 238 238 238],UnPhising
[255 255 255 ... 255 255 255],UnPhising
[ 94  94  94 ... 240 240 240],UnPhising
[255 255 254 ... 255 255 255],UnPhising
[ 72  72 174 ... 237 237 237],UnPhising
[ 40  89  62 ... 255 255 255],UnPhising
[73 73 73 ... 50 50 50],UnPhising
[255 255 255 ... 255 255 255],UnPhising
[254 254 255 ... 255 255 255],UnPhising
[238 238 238 ... 100 100 100],UnPhising
[ 91  91  91 ... 255 255 255],UnPhising
[248 248 248 ... 255 255 255],UnPhising
[232 234 232 ... 255 233 232],UnPhising
[54 57 73 ... 82 82 82],UnPhising
[222 222 222 ... 255 255 255],UnPhising
[ 36  36  36 ... 255 255 255],UnPhising
[255 255 255 ... 255 255 255],UnPhising
[89 89 89 ... 48 48 48],UnPhising
[ 47  47  47 ... 255 255 255],UnPhising
[251 251 251 ... 252 251 251],UnPhising
[244 244 244 ...  88  88  88],UnPhising
[39 39 39 ...  0  0  0],UnPhising
[242 242 242 ... 255 255 255],UnPhising
[234 234 234 ... 233 233 233],UnPhising
[  0   0   0 ... 255 248 255],UnPhising
[255 255 255 ... 105 105 105],UnPhising
[255 255 254 ...  13  12  12],UnPhising
[255 255 255 ... 247 247 247],UnPhising
[255 255 255 ... 255 255 255],UnPhising
[255 255 255 ... 255 255 255],UnPhising
[242 242 242 ... 255 255 255],UnPhising
[233 233 233 ... 230 230 230],UnPhising
[225 225 228 ... 230 229 255],UnPhising
[179 179 179 ... 169 168 106],UnPhising
[255 255 255 ... 239 239 239],UnPhising
[178 178 176 ... 236 233 241],UnPhising
[171 242 240 ... 193 193 242],UnPhising
[188 187 186 ... 255 255 255],UnPhising
[ 44  22  19 ... 239 239 239],UnPhising
[255 255 255 ... 255 255 255],UnPhising
[ 96  96 169 ... 255 255 209],UnPhising
[105 105 102 ... 232 232 232],UnPhising
[247 247 247 ...  76  76  74],UnPhising
[45 45 45 ... 68 68 68],UnPhising
[ 76  76  76 ... 255 255 255],UnPhising
[  0   0   0 ... 255 255 255],UnPhising
[102 102 102 ... 102 102 102],UnPhising
[ 34 109 102 ... 242 242 255],UnPhising
[ 34  34  34 ... 254 255 255],UnPhising
[235  76  76 ... 255 255 235],UnPhising
[ 6 98 98 ...  6  6  6],UnPhising
[255 255 255 ... 240 240 240],UnPhising
[255 254 254 ... 240 240 240],UnPhising
[60 61 61 ... 27 26 28],UnPhising
[250 245 250 ... 255 255 255],UnPhising
[240 240 255 ... 255 240 240],UnPhising
[255 255 254 ... 255 255 255],UnPhising
[255 255 255 ... 255 255 255],UnPhising
[ 32  32  32 ... 255 255 255],UnPhising
[238 238 238 ... 255 255 255],UnPhising
[255 255 255 ... 255  96  96],UnPhising
[243 243 243 ... 255 231 243],UnPhising
[255 255 255 ... 255 255 255],UnPhising
[ 34  34  34 ... 244 244 244],UnPhising
[248 248 248 ... 219 219 219],UnPhising
[  6   6   6 ... 232 232 232],UnPhising
[233 239 240 ... 255 255 255],UnPhising
[ 50  50  50 ... 255 255 255],UnPhising
[255 255 255 ... 255 255 255],UnPhising
[ 21  21  21 ... 255 246 246],UnPhising
[224 224 224 ... 224 224 224],UnPhising
[228 255 255 ... 248 239 255],UnPhising
[249 249 249 ... 255 255 255],UnPhising
[255 255 255 ... 255 255 255],UnPhising
[107 177 176 ...   0   0  62],UnPhising
[233 233 233 ...  25  25  25],UnPhising
[255 255 255 ... 255 255 255],UnPhising
[ 93  93  93 ... 255 255 255],UnPhising
[255 255 255 ... 255 255 255],UnPhising
[250 156  48 ...  64 255 217],UnPhising
[ 45  45  45 ... 255 255 255],UnPhising
[255 255 255 ... 255 255 255],UnPhising
[254 254 253 ... 255 255 255],UnPhising
[ 35  34  35 ... 255 255 209],UnPhising
[ 50  50  50 ... 221 221 221],UnPhising
[255 255 255 ... 255 255 255],UnPhising
[255 255 255 ... 245 245 255],UnPhising
[255 255 255 ... 255 255 255],UnPhising
[ 32  32  32 ... 247 247 247],UnPhising
[255 255 255 ... 255 255 255],UnPhising
[ 96  96  96 ... 240  29  30],UnPhising
[255 255 255 ... 255 255 255],UnPhising
[ 86  86  86 ... 255  86  86],UnPhising
[255 255 255 ... 217 217 217],UnPhising
[255 255 255 ... 255 255 255],UnPhising
[248 248 248 ... 255 255 255],UnPhising
[255 255 255 ... 255 255 255],UnPhising
[255 255 255 ... 255 255 255],UnPhising
[247 248 248 ... 255 255 255],UnPhising
[70 70 70 ... 70 70 70],UnPhising
[255 255 255 ... 255 255 255],UnPhising
[255 255 255 ... 255 255 255],UnPhising
[240 240 240 ... 240 240 240],UnPhising
[255 255 255 ... 255 255 255],UnPhising
[240 240 240 ... 145  34  34],UnPhising
[  5   6   9 ... 245 245 245],UnPhising
[255 255 255 ... 241 254 231],UnPhising
[125 125 125 ... 229 229 159],UnPhising
[254 253 254 ... 255 255  39],UnPhising
[235 240 235 ... 252 252 155],UnPhising
[255 255 255 ... 238 238 238],UnPhising
[43 43 43 ... 34 34 34],UnPhising
[255 254 255 ... 255 255 255],UnPhising
[245 245 245 ... 245 245 245],UnPhising
[105 121 107 ... 233 233 241],UnPhising
[204 205 255 ... 255 205 205],UnPhising
[255 255 255 ... 255 255 255],UnPhising
[227 227 227 ...   0 239 239],UnPhising
[ 96  96  95 ... 244 244 244],UnPhising
[171 241 242 ... 255 255 255],UnPhising
[255 255 253 ...  98  98  98],UnPhising
[  0   0 168 ... 225  23   0],UnPhising
[179 180 187 ... 238 244 188],UnPhising
[255 255 255 ... 255 255 255],UnPhising
[  1   1   1 ... 240 240 240],UnPhising
[255 253 255 ... 255 255 255],UnPhising
[238 236 182 ... 255 235 240],UnPhising
[255 255 255 ... 245 245 245],UnPhising
[246 246 246 ... 251 251 252],UnPhising
[255 253 255 ... 255 255 255],UnPhising
[226 226 226 ... 255 226 226],UnPhising
[255 255 255 ... 255 255 255],UnPhising
[255 255 255 ... 216 216 194],UnPhising
[255 255 255 ... 255 255 255],UnPhising
[255 255 255 ... 255 255 255],UnPhising
[  9   9   9 ... 255 255 255],UnPhising
[255 255 255 ... 255 255 255],UnPhising
[255 255 255 ... 255 255 255],UnPhising
[247 246 247 ... 247 247 105],UnPhising
[255 255 255 ... 255 255 255],UnPhising
[0 0 0 ... 0 0 0],UnPhising
[171 241 242 ... 255 255 255],UnPhising
[34 49 50 ... 15 15 15],UnPhising
[25 26 24 ... 30 27 29],UnPhising
[186 235 235 ... 248 248 225],UnPhising
[74 78 77 ... 77 77 77],UnPhising
[ 26  27  26 ... 255 255 255],UnPhising
[171 242 243 ... 255 255 255],UnPhising
[  6   6   6 ... 240  32  34],UnPhising
[255 255 255 ... 247 247 247],UnPhising
[207 207 207 ... 255 255 255],UnPhising
[255 255 255 ... 255 255 255],UnPhising
[251 253 253 ... 255 255 255],UnPhising
[255 255 255 ... 255 255 255],UnPhising
[0 0 0 ... 0 0 0],UnPhising
[143 143 143 ... 255 255 255],UnPhising
[244 245 245 ... 227 227 227],UnPhising
[ 46  46  46 ... 255 255   0],UnPhising
[30 33 29 ... 29 20 25],UnPhising
[255 255 255 ... 255 255 255],Phising
[255 255 255 ... 255 255 255],Phising
[255 255 255 ... 255 255 255],Phising
[ 10   0  10 ... 255 255 255],Phising
[255 255 255 ... 255 255 254],Phising
[1 0 0 ... 0 0 0],Phising
[45 48 51 ... 10  9  8],Phising
[253 254 254 ... 120 254 254],Phising
[255 255 255 ... 255 255 255],Phising
[ 38  38  38 ... 127  45  45],Phising
[112 112 112 ... 112 112 112],Phising
[255 255 255 ... 255 255 255],Phising
[254 255 255 ... 255 255 254],Phising
[ 74 212 212 ... 139 140  64],Phising
[217 222 221 ... 198 198 199],Phising
[255 255 255 ... 255 255 255],Phising
[167 174 174 ... 193 191 195],Phising
[163 172 172 ... 193 191 195],Phising
[ 67 239 239 ... 156 155  51],Phising
[221 221 221 ... 221 221 221],Phising
[255 255 255 ... 255 255 255],Phising
[233 237 238 ... 255 255 255],Phising
[255 255 255 ... 255 255 255],Phising
[250 253 253 ... 250 254 254],Phising
[253 253 252 ... 219 252 252],Phising
[219 223 223 ...   1   1   1],Phising
[95 96 95 ...  1  1  1],Phising
[255 255 255 ... 242 242 255],Phising
[249 249 249 ... 153 153 153],Phising
[102 102 102 ... 255 255 255],Phising
[247 247 247 ... 255 255 243],Phising
[73 73 72 ... 61 60 61],Phising
[255 255 255 ... 255 255 255],Phising
[255 203 203 ... 234 234 234],Phising
[255 254 255 ... 255 255 255],Phising
[ 90  91  91 ... 255 255 255],Phising
[255 255 255 ... 253 253 253],Phising
[255 210 210 ... 255 255 255],Phising
[183 177 178 ... 255 255 255],Phising
[255 255 254 ... 255 255 255],Phising
[255 255 255 ... 255 255 255],Phising
[255 255 255 ... 255 255 255],Phising
[255 255 255 ... 255 255 255],Phising
[189 189 189 ... 255 255 255],Phising
[63 63 63 ... 63 63 63],Phising
[249 249 249 ... 249 249 249],Phising
[146 146 146 ... 146 146 146],Phising
[255 255 240 ... 255 255 255],Phising
[212 210 211 ... 255 255 255],Phising
[255 255 255 ... 255 255 255],Phising
[ 30  30  30 ... 255 255 255],Phising
[254 254 254 ... 254 254 254],Phising
[0 0 0 ... 0 0 0],Phising
[255 253 254 ... 255 255 255],Phising
[255 255 255 ... 255 255 255],Phising
[192 192 192 ... 183 183 183],Phising
[255 255 255 ... 239 239 239],Phising
[36 38 39 ... 26 27 25],Phising
[255 255 255 ... 255 255 255],Phising
[253 249 250 ... 255 255 247],Phising
[ 0  0  0 ... 45 46  3],Phising
[255 255 255 ... 255 255 255],Phising
[71 71 71 ...  0  0  0],Phising
[255 255 255 ... 255 255 255],Phising
[243 243 243 ... 255 247 241],Phising
[254 254 255 ... 255 255 255],Phising
[255 255 242 ... 241 254 255],Phising
[255 255 255 ... 255 255 255],Phising
[255 255 145 ... 255 255 255],Phising
[255 255 255 ... 255 255 255],Phising
[255 255 255 ... 255 255 255],Phising
[233 233 233 ... 255 255 255],Phising
[248 246 248 ... 248 248 248],Phising
[237 237 237 ... 237 237 237],Phising
[255 254 254 ... 221 222 249],Phising
[101 101  90 ... 255 255 255],Phising
[73 73 73 ... 73 73 73],Phising
[245 247 246 ... 238 238 238],Phising
[162 162 162 ... 203 203 203],Phising
[255 255 255 ... 255 255 255],Phising
[255 255 255 ... 255 255 255],Phising
[255 255 255 ... 255 255 255],Phising
[255 255 255 ... 255 255 255],Phising
[241 241 234 ... 255 255 255],Phising
[ 98  99  99 ... 254 254 254],Phising
[228 228 228 ... 228 228 228],Phising
[254 251 251 ... 255 255 249],Phising
[255 255 255 ... 255 255 255],Phising
[  0   0   0 ... 187 168 154],Phising
[253 253 253 ... 240 253 253],Phising
[254 243 243 ... 253 253 253],Phising
[163 163 163 ... 163 163 163],Phising
[255 255 255 ... 255 255 255],Phising
[255 254 255 ... 255 255 255],Phising
[209 210 210 ... 251 251 251],Phising
[101 101 101 ... 101 101 101],Phising
[255 255 255 ... 255 255 255],Phising
[255 254 255 ... 255 255 255],Phising
[ 93  99  56 ... 122 114  95],Phising
[0 0 0 ... 0 0 0],Phising
[216 216 216 ... 216 216 216],Phising
[255 255 255 ... 255 255 255],Phising
[255 252 249 ... 255 255 255],Phising
[231 231 231 ... 254 255 248],Phising
[255 255 255 ... 255 255 255],Phising
[255 255 240 ... 255 255 255],Phising
[255 255 255 ... 255 255 255],Phising
[36 38 39 ... 26 27 25],Phising
[249 249 249 ... 153 153 153],Phising
[226 226 226 ... 226 226 226],Phising
[224 224 222 ... 206 206 205],Phising
[255 255 255 ... 255 255 255],Phising
[237 237 237 ... 237 237 237],Phising
[255 255 255 ... 255 255 255],Phising
[ 57  64 107 ... 200  59  20],Phising
[255 255 255 ... 255 255 255],Phising
[255 255 255 ... 255 255 255],Phising
[ 91  90  91 ... 255 255 255],Phising
[255 255 255 ... 255 255 255],Phising
[  0   0   0 ... 126 126 127],Phising
[255 255 255 ... 255 255 255],Phising
[255 255 255 ... 255 255 255],Phising
[255 255 255 ... 255 255 255],Phising
[255 255 255 ... 255 255 255],Phising
[255 255 255 ... 255 255 255],Phising
[255 255 255 ... 255 255 255],Phising
[255 255 255 ... 255 255 255],Phising
[255 255 255 ... 255 255 255],Phising
[255 255 255 ... 255 255 255],Phising
[255 255 255 ... 255 255 255],Phising
[255 255 255 ... 255 255 255],Phising
[255 255 255 ... 255 255 255],Phising
[255 255 255 ... 255 255 255],Phising
[255 255 255 ... 255 255 255],Phising
[255 255 255 ... 255 255 255],Phising
[255 255 255 ... 255 255 255],Phising
[255 255 255 ... 255 255 255],Phising
[108 112 120 ...  47  39  29],Phising
[255 255 255 ... 255 255 255],Phising
[255 255 255 ... 255 255 255],Phising
[255 255 255 ... 255 255 255],Phising
[255 255 255 ... 255 255 255],Phising
[0 0 0 ... 0 0 0],Phising
[255 255 255 ... 255 255 255],Phising
[255 255 255 ... 255 255 255],Phising
[255 255 255 ... 255 255 255],Phising
[255 255 255 ... 255 255 255],Phising
[255 255 255 ... 255 255 255],Phising
[255 255 255 ... 255 255 255],Phising
[255 255 255 ... 255 255 255],Phising
[255 255 255 ... 255 255 255],Phising
[255 255 255 ... 255 255 255],Phising
[255 255 255 ... 255 255 255],Phising
[255 255 255 ... 255 255 255],Phising
[255 255 255 ... 255 255 255],Phising
[0 0 0 ... 0 0 0],Phising
[255 255 255 ... 255 255 255],Phising
[255 255 255 ... 255 255 255],Phising
[255 255 255 ... 255 255 255],Phising
[255 255 255 ... 255 255 255],Phising
[255 255 255 ... 255 255 255],Phising
[255 255 255 ... 255 255 255],Phising
[255 255 255 ... 255 255 255],Phising
[255 255 255 ... 255 255 255],Phising
[255 255 255 ... 255 255 255],Phising
[255 255 255 ... 255 255 255],Phising
[254 254 254 ... 157 157 157],Phising
[255 255 255 ... 255 255 255],Phising
[255 255 255 ... 255 255 255],Phising
[255 255 255 ... 255 255 255],Phising
[255 255 255 ... 255 255 255],Phising
[255 255 255 ... 255 255 255],Phising
[255 255 255 ... 255 255 255],Phising
[255 255 255 ... 255 255 255],Phising
[255 255 255 ... 255 255 255],Phising
[255 255 255 ... 255 255 255],Phising
[255 255 255 ... 255 255 255],Phising
[255 255 255 ... 255 255 255],Phising
[255 255 255 ... 255 255 255],Phising
[255 255 255 ... 255 255 255],Phising
[255 255 255 ... 255 255 255],Phising
[255 255 255 ... 255 255 255],Phising
[255 255 255 ... 255 255 255],Phising
[255 255 255 ... 255 255 255],Phising
[255 255 255 ... 255 255 255],Phising
[255 255 255 ... 255 255 255],Phising
[255 255 255 ... 255 255 255],Phising
[255 255 255 ... 255 255 255],Phising
[75 76 76 ... 78 75 75],Phising
[255 255 255 ... 255 255 255],Phising
[255 255 255 ... 255 255 255],Phising
[255 255 255 ... 255 255 255],Phising
[255 255 255 ... 255 255 255],Phising
[255 255 255 ... 255 255 255],Phising
[255 255 255 ... 255 255 255],Phising
[255 255 255 ... 255 255 255],Phising
[255 255 255 ... 255 255 255],Phising
[255 255 255 ... 255 255 255],Phising
[255 255 255 ... 255 255 255],Phising
[255 255 255 ... 255 255 255],Phising
[241 241 241 ... 255 255 253],Phising
[124 135 140 ...  24  26 126],Phising
[147 147 147 ... 147 147 147],Phising
[255 255 255 ... 255 255 255],Phising
[243 242 242 ... 146 146 146],Phising
[241 241 241 ... 255 255 255],Phising
[163 163 163 ... 163 163 163],Phising
[255 255 255 ... 255 255 255],Phising
[146 146 146 ... 240 240 238],Phising
[255 255 255 ... 117  95 135],Phising
[120 119 120 ... 255 255 255],Phising
[221 219 219 ... 254 253 252],Phising
[ 30  30  30 ... 255 255 255],Phising
[ 30  30  30 ... 255 255 255],Phising
[200 200 200 ... 200 200 200],Phising
[245 245 245 ...  22  22  23],Phising
[255 255 255 ... 255 255 255],Phising
[255 255 255 ... 255 255 255],Phising
[254 250 250 ... 255 255 255],Phising
[146 146 146 ... 146 146 146],Phising
[ 40  39  41 ... 253  67  68],Phising
[255 255 254 ... 255 255   0],Phising
[181 181 164 ... 254 253 253],Phising
[126 126 126 ... 238 238 238],Phising
[177 178 177 ... 205 205 205],Phising
[236 236 239 ... 246 247 247],Phising
[146 146 146 ... 146 146 146],Phising
[233 232 233 ... 255 255 255],Phising
[0 0 0 ... 0 0 0],Phising
[ 73  73  73 ... 185 183 139],Phising
[250 250 250 ... 255 255 255],Phising
[157 157 157 ... 143 143 139],Phising
[146 146 146 ... 146 146 146],Phising
[255 255 254 ... 255 255 254],Phising
[255 255 255 ... 255 255 255],Phising
[148 229 122 ...  66  80  71],Phising
[255 255 255 ... 254 254 254],Phising
[75 76 76 ... 78 75 75],Phising
[70 77 86 ... 18 16 13],Phising
[162 162 162 ... 203 203 203],Phising
[255 255 255 ... 255 255 255],Phising
[232 232 232 ... 232 232 232],Phising
[255 255 255 ... 255 255 255],Phising
[239 239 239 ... 240 240 240],Phising
[255 255 255 ... 255 255 255],Phising
[134 134 132 ... 246 246 244],Phising
[254 254 254 ... 255 255 255],Phising
[250 250 250 ... 255 255 255],Phising
[224 223 223 ... 224 224 224],Phising
[255 251 251 ... 249 249 255],Phising
[255 255 254 ... 255 255 255],Phising
[255 255 254 ... 255 255   0],Phising
[254 255 255 ... 255 255 255],Phising
[137 203 197 ... 162 146 130],Phising
[255 254 254 ... 221 222 249],Phising
[133 134 135 ... 124 122 122],Phising
[182 182 170 ... 231 231 255],Phising
[ 0  0  0 ... 45 46  3],Phising
[41 44 42 ... 41 46 42],Phising
[255 255 255 ... 255 255 255],Phising
[146 146 146 ... 240 240 238],Phising
[255 255 255 ... 255 255 255],Phising
[255 255 255 ... 255 255 255],Phising
[0 0 0 ... 0 0 0],Phising
[171 188 164 ... 139 173 102],Phising
[255 254 254 ... 255 242 192],Phising
[ 67  67  67 ... 231 226 255],Phising
[250 255 255 ... 221 221 221],Phising
[210 189 205 ...  57 126  14],Phising
[0 0 0 ... 0 0 1],Phising
[244 243 242 ... 239 239 239],Phising
[255 255 255 ... 255 255 255],Phising
[227 226 227 ... 255 255 252],Phising
[20 20 19 ... 20 20 20],Phising
[255 255 255 ... 255 255 255],Phising
[255 255 255 ... 255 255 255],Phising
[ 30  30  30 ... 255 255 255],Phising
[149 171 182 ...  17  15  14],Phising
[186 231 233 ... 150 150 131],Phising
[255 255 255 ... 255 255 255],Phising
[178 172 173 ... 255 255 255],Phising
[246 246 246 ... 246 246 246],Phising
[179 186 194 ... 183 186 188],Phising
[223 246 249 ... 249 249 254],Phising
[255 255 255 ... 255 255 255],Phising
[254 243 243 ... 253 253 253],Phising
[101 101 102 ... 104 104 104],Phising
[255 255 253 ... 255 255 255],Phising
[249 249 249 ... 241 241 235],Phising
[255 255 255 ... 255 255 255],Phising
[157 205 205 ... 174 174 176],Phising
[255 255 255 ... 255 255 255],Phising
[255 255 255 ... 255 255 255],Phising
[27 29 27 ... 28 28 28],Phising
[254 254 254 ... 250 245 245],Phising
[255 255 248 ... 255 255 255],Phising
[228 229 229 ...   6   6  11],Phising
[ 95  95  95 ... 255 255 255],Phising
[255 255 255 ... 255 255 255],Phising
[231 254 253 ... 247 247 227],Phising
[ 75  75  75 ... 255 255 255],Phising
[123 123 123 ...  33  33  33],Phising
[210 218 253 ... 255 255 255],Phising
[255 255 255 ... 255 255 255],Phising
[73 72 73 ... 77 77 78],Phising
[252 253 253 ... 232 231 254],Phising
[159 245 246 ... 254 254 254],Phising
[255 255 255 ... 255 255 255],Phising
[ 76  77  77 ... 159 159 135],Phising
[255 255 255 ... 255 255 255],Phising
[254 254 253 ... 255 255 255],Phising
[179 222 242 ...  77 118  71],Phising
[6 7 6 ... 6 6 5],Phising
[241 241 241 ... 255 255 255],Phising
[255 255 255 ... 241 254 255],Phising
[255 255 255 ... 255 255 254],Phising
[90 90 90 ... 90 89 87],Phising
[255 255 255 ... 255 255 255],Phising
[255 255 255 ... 255 255 255],Phising
[255 255 240 ... 255 255 255],Phising
[255 255 255 ... 241 241 244],Phising
[102 102 102 ... 255 254 220],Phising
[255 255 255 ... 255 255 255],Phising
[255 255 255 ... 255 255 255],Phising
[96 96 96 ...  0 10 96],Phising
[231 232 232 ... 255 255 255],Phising
[174 179 179 ... 197 195 194],Phising
[255 255 255 ... 255 255 255],Phising
[255 255 255 ... 255 255 255],Phising
[255 255 255 ... 255 255 255],Phising
[255 255 255 ... 255 255 255],Phising
[226 226 226 ... 226 226 226],Phising
[ 38  38  38 ... 253 255 255],UnPhising
[ 10  10  10 ... 109 147 128],UnPhising
[ 38  38  38 ... 193 193 215],UnPhising
[255 254 254 ... 255 255 255],UnPhising
[ 0 20 41 ...  8  8 18],UnPhising
[108 108 108 ...  81 255 255],UnPhising
[255 255 255 ... 255 255 255],UnPhising
[255 255 254 ...  76  76  76],UnPhising
[255 255 255 ... 255 255 255],UnPhising
[184 192 188 ... 185 185 185],UnPhising
[143 143 143 ... 143 143 143],UnPhising
[254 254 254 ... 255 255 255],UnPhising
[255 255 255 ... 255 255 255],UnPhising
[134 134 134 ...  95 171 171],UnPhising
[245 255 255 ... 255 255 247],UnPhising
[255 255 255 ...  36  39  35],UnPhising
[ 51  51  51 ... 248 248 248],UnPhising
[255 255 255 ... 255 255 255],UnPhising
[113 225 213 ... 180 180 180],UnPhising
[228 228 228 ... 255 255 255],UnPhising
[  0   0   0 ...  82 255 255],UnPhising
[ 51  51  50 ... 255 255 255],UnPhising
[250 250 250 ... 250 250 250],UnPhising
[255 255 255 ... 255 255 255],UnPhising
[255  43  45 ... 161  76 169],UnPhising
[115 116 115 ... 243 243 243],UnPhising
[255 255 254 ... 245 255 255],UnPhising
[255 254 255 ... 255 255 255],UnPhising
[255 255 254 ... 236 236 236],UnPhising
[255 255 255 ... 255 255 255],UnPhising
[ 84  84  84 ...  26  26 218],UnPhising
[255 255 255 ... 235 235 235],UnPhising
[255 255 254 ... 255 255 255],UnPhising
[136 136 137 ... 152 152 152],UnPhising
[  1   2   0 ... 255 255 255],UnPhising
[140 140 140 ... 250 250 250],UnPhising
[255 255 255 ... 247 247 247],UnPhising
[255 255 255 ... 255 255 255],UnPhising
[113 113 113 ... 255 255 255],UnPhising
[  0   0   0 ... 255 255 255],UnPhising
[48 48 48 ...  5  5  5],UnPhising
[255 255 255 ... 242 242 242],UnPhising
[255 255 255 ... 255 255 255],UnPhising
[177 181 186 ... 214 214 214],UnPhising
[255 255 255 ...  25  25  25],UnPhising
[212 212 212 ... 255 255 212],UnPhising
[239 239 239 ... 239 239 239],UnPhising
[69 70 70 ... 69 69 69],UnPhising
[255 255 255 ...   0   0   0],UnPhising
[255 255 137 ... 255 255 255],UnPhising
[ 36  36  36 ... 231 239 239],UnPhising
[255 254 255 ... 255 255 255],UnPhising
[ 51  51  51 ... 255 255 255],UnPhising
[ 44  53  52 ... 242 242 242],UnPhising
[255 255 255 ...  82  51  51],UnPhising
[255 255 255 ... 218 218 218],UnPhising
[215 217 220 ... 111 110 109],UnPhising
[248 249 249 ... 255 255 253],Phising
[255 255 255 ... 255 255 255],Phising
[254 254 254 ... 255 255 255],Phising
[254 254 254 ... 255 255 255],Phising
[255 255 255 ... 255 255 255],Phising
[253 254 253 ... 250 254 254],Phising
[253 254 254 ... 120 254 254],Phising
[245 245 245 ... 245 245 245],Phising
[249 249 249 ... 153 153 153],Phising
[204 203 205 ... 251 251 252],Phising
[253 253 253 ... 241 253 253],Phising
[159 159 159 ...  96  96  96],Phising
[ 91  90  90 ... 255 255 255],Phising
[148 145 146 ... 231 241 255],Phising
[247 247 247 ... 247 247 247],Phising
[255 255 255 ... 255 255 255],Phising
[255 255 255 ... 255 255 255],Phising
[255 255 255 ... 255 255 255],Phising
[255 255 255 ... 255 255 255],Phising
[255 255 255 ... 255 255 255],Phising
[255 255 255 ... 255 255 255],Phising
[255 255 255 ... 255 255 255],Phising
[255 255 255 ... 255 255 255],Phising
[170 172 174 ... 193 191 195],Phising
[179 178 180 ... 197 196 201],Phising
[255 255 255 ... 241 254 255],Phising
[255 255 255 ... 255 255 255],Phising
[201 201 201 ... 207 207 164],Phising
[254 255 254 ... 255 255 255],Phising
[187 147 146 ... 140 146 186],Phising
[106  98  98 ... 255 255 255],Phising
[255 255 255 ... 255 255 255],Phising
[ 43  74  63 ... 130 247  46],Phising
[ 88  70  73 ... 255 255 208],Phising
[255 255 255 ... 255 255 255],Phising
[255 255 255 ... 255 255 255],Phising
[ 88  89  89 ... 114 114 113],Phising
[167 174 174 ... 193 191 195],Phising
[ 30  30  30 ... 255 255 255],Phising
[255 255 255 ... 255 255 255],Phising
[  0   0   0 ... 255 255 255],Phising
[51 51 51 ... 51 51 51],Phising
[255 255 255 ...  36  52  37],UnPhising
[29 29 29 ... 29 29 29],UnPhising
[255 255 255 ... 255 255 255],UnPhising
[255 255 255 ... 255 255 255],UnPhising
[199 199 199 ... 245 245 245],UnPhising
[255 255 255 ... 208   1 255],UnPhising
[121 121 121 ... 255 255 255],UnPhising
[108 239 239 ... 255 255 106],UnPhising
[108 107 107 ... 100  96  99],UnPhising
[238 240 255 ... 250 235 234],UnPhising
[223 222 222 ... 255 255 144],UnPhising
[135 135 135 ... 166 138 135],UnPhising
[ 78  78  78 ... 254 254 254],UnPhising
[136 140 136 ... 238 238 238],UnPhising
[ 79  79  79 ... 242 242 242],UnPhising
[255 255 255 ... 255 255 255],UnPhising
[255 255 255 ... 243 243 243],UnPhising
[119 119 119 ...  46 242 243],UnPhising
[219 219 218 ... 242 239 239],UnPhising
[255 255 255 ...  45 255 255],UnPhising
[255 255 255 ... 255 255 255],UnPhising
[255 255 255 ...  57  57  57],UnPhising
[255 254 254 ... 255 255 255],UnPhising
[ 50  50  51 ... 238 238 238],UnPhising
[107  87  87 ... 240 240 200],UnPhising
[229 229 229 ... 255 255 255],UnPhising
[255 255 255 ... 255 255 241],UnPhising
[255 255 255 ... 240 239 239],UnPhising
[ 67  67  67 ... 255 255 255],UnPhising
[ 20  20  21 ...  16  13 158],UnPhising
[245 245 245 ...  51  51  51],UnPhising
[148 148 148 ...  45  45  45],UnPhising
[ 82  82  85 ... 190 171 205],UnPhising
[102 102 102 ...  51  51  51],UnPhising
[121 121 121 ...  44 217 217],UnPhising
[ 46  74  74 ... 255 255 255],UnPhising
[168 168 168 ... 168 168 168],UnPhising
[219 219 219 ... 244 240 240],UnPhising
[128 128 129 ... 255 255 255],UnPhising
[255 255 255 ... 255 255 255],UnPhising
[ 51  51  51 ... 255 255 255],UnPhising
[85 85 85 ... 24 24 24],UnPhising
[ 42  43  44 ... 238 238 238],UnPhising
[197 194 255 ...  79  34  33],UnPhising
[ 41  41  41 ... 242 242 242],UnPhising
[39 39 39 ... 30 30 30],UnPhising
[113 113 113 ...  66  73 255],UnPhising
[255 255 255 ...  75  70  76],UnPhising
[255 255 255 ... 255 255 255],UnPhising
[ 38  38  38 ... 255 255 255],UnPhising
[204 204 204 ...  58  55 254],UnPhising
[165 165 165 ... 245 157 246],UnPhising
[255 255 255 ... 255 255 255],UnPhising
[246 246 246 ...  13 246 246],UnPhising
[ 83  51  51 ... 255 255 255],UnPhising
[255 255 255 ... 255 255 255],UnPhising
[ 46  42  41 ... 246 229 232],UnPhising
[ 50  50  51 ... 156 156 156],UnPhising
[230 230 239 ...  52  52  52],UnPhising
[238 165 188 ... 102 102 102],UnPhising
[210 211 212 ... 255 254 254],UnPhising
[255 255 255 ... 255 255 255],UnPhising
[255 255 255 ... 255 255 255],UnPhising
[76 76 76 ... 76 76 76],UnPhising
[  0   0   0 ... 255 255 255],UnPhising
[254 254 254 ... 255 255 255],Phising
[255 255 255 ... 255 255 255],Phising
[250 251 251 ... 255 255 255],Phising
[165 173 173 ... 190 190 187],Phising
[233 231 242 ... 255 255 255],Phising
[101 101 101 ...  77  77  77],Phising
[255 255 255 ...  99  99 107],Phising
[255 255 255 ... 255 255 255],Phising
[241 241 241 ... 255 255 255],Phising
[138 138 138 ... 196 196 196],Phising
[165 173 173 ... 190 190 187],Phising
[146 146 146 ... 146 146 146],Phising
[255 255 255 ... 255 255 255],Phising
[255 255 255 ... 255 255 255],Phising
[255 255 255 ... 255 255 255],Phising
[255 255 255 ... 255 255 255],Phising
[255 255 255 ... 255 255 255],Phising
[255 255 255 ... 255 255 236],Phising
[255 255 255 ... 255 255 255],Phising
[255 255 255 ... 255 255 255],Phising
[255 255 255 ... 255 255 255],Phising
[254 255 254 ... 239 239 247],Phising
[252 252 252 ... 252 252 252],Phising
[255 255 255 ... 255 255 255],Phising
[31 31 31 ... 24 32 32],Phising
[255 255 255 ... 255 255 255],Phising
[246 246 246 ... 246 246 246],Phising
[224 223 223 ... 255 255 255],Phising
[250 250 250 ... 250 250 250],Phising
[253 247 249 ... 254 254 254],Phising
[253 254 254 ... 255 255 255],Phising
[248 248 248 ... 255 255 255],Phising
