File,Label
/content/gdrive/MyDrive/dataset_phishing/train/UnPhising/Unphish (124).jpg,UnPhising
/content/gdrive/MyDrive/dataset_phishing/train/UnPhising/Unphish (106).jpg,UnPhising
/content/gdrive/MyDrive/dataset_phishing/train/UnPhising/Unphish (116).jpg,UnPhising
/content/gdrive/MyDrive/dataset_phishing/train/UnPhising/Unphish (111).jpg,UnPhising
/content/gdrive/MyDrive/dataset_phishing/train/UnPhising/Unphish (103).jpg,UnPhising
/content/gdrive/MyDrive/dataset_phishing/train/UnPhising/Unphish (125).jpg,UnPhising
/content/gdrive/MyDrive/dataset_phishing/train/UnPhising/Unphish (118).jpg,UnPhising
/content/gdrive/MyDrive/dataset_phishing/train/UnPhising/Unphish (105).jpg,UnPhising
/content/gdrive/MyDrive/dataset_phishing/train/UnPhising/Unphish (120).jpg,UnPhising
/content/gdrive/MyDrive/dataset_phishing/train/UnPhising/Unphish (100).jpg,UnPhising
/content/gdrive/MyDrive/dataset_phishing/train/UnPhising/Unphish (114).jpg,UnPhising
/content/gdrive/MyDrive/dataset_phishing/train/UnPhising/Unphish (11).jpg,UnPhising
/content/gdrive/MyDrive/dataset_phishing/train/UnPhising/Unphish (1).jpg,UnPhising
/content/gdrive/MyDrive/dataset_phishing/train/UnPhising/Unphish (117).jpg,UnPhising
/content/gdrive/MyDrive/dataset_phishing/train/UnPhising/Unphish (12).jpg,UnPhising
/content/gdrive/MyDrive/dataset_phishing/train/UnPhising/Unphish (104).jpg,UnPhising
/content/gdrive/MyDrive/dataset_phishing/train/UnPhising/Unphish (122).jpg,UnPhising
/content/gdrive/MyDrive/dataset_phishing/train/UnPhising/Unphish (10).jpg,UnPhising
/content/gdrive/MyDrive/dataset_phishing/train/UnPhising/Unphish (110).jpg,UnPhising
/content/gdrive/MyDrive/dataset_phishing/train/UnPhising/Unphish (108).jpg,UnPhising
/content/gdrive/MyDrive/dataset_phishing/train/UnPhising/Unphish (121).jpg,UnPhising
/content/gdrive/MyDrive/dataset_phishing/train/UnPhising/Unphish (149).jpg,UnPhising
/content/gdrive/MyDrive/dataset_phishing/train/UnPhising/Unphish (163).jpg,UnPhising
/content/gdrive/MyDrive/dataset_phishing/train/UnPhising/Unphish (134).jpg,UnPhising
/content/gdrive/MyDrive/dataset_phishing/train/UnPhising/Unphish (158).jpg,UnPhising
/content/gdrive/MyDrive/dataset_phishing/train/UnPhising/Unphish (165).jpg,UnPhising
/content/gdrive/MyDrive/dataset_phishing/train/UnPhising/Unphish (157).jpg,UnPhising
/content/gdrive/MyDrive/dataset_phishing/train/UnPhising/Unphish (138).jpg,UnPhising
/content/gdrive/MyDrive/dataset_phishing/train/UnPhising/Unphish (147).jpg,UnPhising
/content/gdrive/MyDrive/dataset_phishing/train/UnPhising/Unphish (139).jpg,UnPhising
/content/gdrive/MyDrive/dataset_phishing/train/UnPhising/Unphish (16).jpg,UnPhising
/content/gdrive/MyDrive/dataset_phishing/train/UnPhising/Unphish (156).jpg,UnPhising
/content/gdrive/MyDrive/dataset_phishing/train/UnPhising/Unphish (161).jpg,UnPhising
/content/gdrive/MyDrive/dataset_phishing/train/UnPhising/Unphish (150).jpg,UnPhising
/content/gdrive/MyDrive/dataset_phishing/train/UnPhising/Unphish (144).jpg,UnPhising
/content/gdrive/MyDrive/dataset_phishing/train/UnPhising/Unphish (159).jpg,UnPhising
/content/gdrive/MyDrive/dataset_phishing/train/UnPhising/Unphish (131).jpg,UnPhising
/content/gdrive/MyDrive/dataset_phishing/train/UnPhising/Unphish (160).jpg,UnPhising
/content/gdrive/MyDrive/dataset_phishing/train/UnPhising/Unphish (154).jpg,UnPhising
/content/gdrive/MyDrive/dataset_phishing/train/UnPhising/Unphish (14).jpg,UnPhising
/content/gdrive/MyDrive/dataset_phishing/train/UnPhising/Unphish (151).jpg,UnPhising
/content/gdrive/MyDrive/dataset_phishing/train/UnPhising/Unphish (128).jpg,UnPhising
/content/gdrive/MyDrive/dataset_phishing/train/UnPhising/Unphish (153).jpg,UnPhising
/content/gdrive/MyDrive/dataset_phishing/train/UnPhising/Unphish (13).jpg,UnPhising
/content/gdrive/MyDrive/dataset_phishing/train/UnPhising/Unphish (152).jpg,UnPhising
/content/gdrive/MyDrive/dataset_phishing/train/UnPhising/Unphish (126).jpg,UnPhising
/content/gdrive/MyDrive/dataset_phishing/train/UnPhising/Unphish (166).jpg,UnPhising
/content/gdrive/MyDrive/dataset_phishing/train/UnPhising/Unphish (148).jpg,UnPhising
/content/gdrive/MyDrive/dataset_phishing/train/UnPhising/Unphish (155).jpg,UnPhising
/content/gdrive/MyDrive/dataset_phishing/train/UnPhising/Unphish (127).jpg,UnPhising
/content/gdrive/MyDrive/dataset_phishing/train/UnPhising/Unphish (140).jpg,UnPhising
/content/gdrive/MyDrive/dataset_phishing/train/UnPhising/Unphish (135).jpg,UnPhising
/content/gdrive/MyDrive/dataset_phishing/train/UnPhising/Unphish (129).jpg,UnPhising
/content/gdrive/MyDrive/dataset_phishing/train/UnPhising/Unphish (146).jpg,UnPhising
/content/gdrive/MyDrive/dataset_phishing/train/UnPhising/Unphish (130).jpg,UnPhising
/content/gdrive/MyDrive/dataset_phishing/train/UnPhising/Unphish (15).jpg,UnPhising
/content/gdrive/MyDrive/dataset_phishing/train/UnPhising/Unphish (167).jpg,UnPhising
/content/gdrive/MyDrive/dataset_phishing/train/UnPhising/Unphish (17).jpg,UnPhising
/content/gdrive/MyDrive/dataset_phishing/train/UnPhising/Unphish (186).jpg,UnPhising
/content/gdrive/MyDrive/dataset_phishing/train/UnPhising/Unphish (170).jpg,UnPhising
/content/gdrive/MyDrive/dataset_phishing/train/UnPhising/Unphish (195).jpg,UnPhising
/content/gdrive/MyDrive/dataset_phishing/train/UnPhising/Unphish (188).jpg,UnPhising
/content/gdrive/MyDrive/dataset_phishing/train/UnPhising/Unphish (191).jpg,UnPhising
/content/gdrive/MyDrive/dataset_phishing/train/UnPhising/Unphish (171).jpg,UnPhising
/content/gdrive/MyDrive/dataset_phishing/train/UnPhising/Unphish (174).jpg,UnPhising
/content/gdrive/MyDrive/dataset_phishing/train/UnPhising/Unphish (203).jpg,UnPhising
/content/gdrive/MyDrive/dataset_phishing/train/UnPhising/Unphish (18).jpg,UnPhising
/content/gdrive/MyDrive/dataset_phishing/train/UnPhising/Unphish (196).jpg,UnPhising
/content/gdrive/MyDrive/dataset_phishing/train/UnPhising/Unphish (207).jpg,UnPhising
/content/gdrive/MyDrive/dataset_phishing/train/UnPhising/Unphish (175).jpg,UnPhising
/content/gdrive/MyDrive/dataset_phishing/train/UnPhising/Unphish (168).jpg,UnPhising
/content/gdrive/MyDrive/dataset_phishing/train/UnPhising/Unphish (200).jpg,UnPhising
/content/gdrive/MyDrive/dataset_phishing/train/UnPhising/Unphish (179).jpg,UnPhising
/content/gdrive/MyDrive/dataset_phishing/train/UnPhising/Unphish (183).jpg,UnPhising
/content/gdrive/MyDrive/dataset_phishing/train/UnPhising/Unphish (182).jpg,UnPhising
/content/gdrive/MyDrive/dataset_phishing/train/UnPhising/Unphish (173).jpg,UnPhising
/content/gdrive/MyDrive/dataset_phishing/train/UnPhising/Unphish (2).jpg,UnPhising
/content/gdrive/MyDrive/dataset_phishing/train/UnPhising/Unphish (209).jpg,UnPhising
/content/gdrive/MyDrive/dataset_phishing/train/UnPhising/Unphish (189).jpg,UnPhising
/content/gdrive/MyDrive/dataset_phishing/train/UnPhising/Unphish (197).jpg,UnPhising
/content/gdrive/MyDrive/dataset_phishing/train/UnPhising/Unphish (187).jpg,UnPhising
/content/gdrive/MyDrive/dataset_phishing/train/UnPhising/Unphish (199).jpg,UnPhising
/content/gdrive/MyDrive/dataset_phishing/train/UnPhising/Unphish (19).jpg,UnPhising
/content/gdrive/MyDrive/dataset_phishing/train/UnPhising/Unphish (205).jpg,UnPhising
/content/gdrive/MyDrive/dataset_phishing/train/UnPhising/Unphish (192).jpg,UnPhising
/content/gdrive/MyDrive/dataset_phishing/train/UnPhising/Unphish (202).jpg,UnPhising
/content/gdrive/MyDrive/dataset_phishing/train/UnPhising/Unphish (206).jpg,UnPhising
/content/gdrive/MyDrive/dataset_phishing/train/UnPhising/Unphish (169).jpg,UnPhising
/content/gdrive/MyDrive/dataset_phishing/train/UnPhising/Unphish (194).jpg,UnPhising
/content/gdrive/MyDrive/dataset_phishing/train/UnPhising/Unphish (178).jpg,UnPhising
/content/gdrive/MyDrive/dataset_phishing/train/UnPhising/Unphish (198).jpg,UnPhising
/content/gdrive/MyDrive/dataset_phishing/train/UnPhising/Unphish (21).jpg,UnPhising
/content/gdrive/MyDrive/dataset_phishing/train/UnPhising/Unphish (176).jpg,UnPhising
/content/gdrive/MyDrive/dataset_phishing/train/UnPhising/Unphish (184).jpg,UnPhising
/content/gdrive/MyDrive/dataset_phishing/train/UnPhising/Unphish (216).jpg,UnPhising
/content/gdrive/MyDrive/dataset_phishing/train/UnPhising/Unphish (244).jpg,UnPhising
/content/gdrive/MyDrive/dataset_phishing/train/UnPhising/Unphish (222).jpg,UnPhising
/content/gdrive/MyDrive/dataset_phishing/train/UnPhising/Unphish (24).jpg,UnPhising
/content/gdrive/MyDrive/dataset_phishing/train/UnPhising/Unphish (234).jpg,UnPhising
/content/gdrive/MyDrive/dataset_phishing/train/UnPhising/Unphish (231).jpg,UnPhising
/content/gdrive/MyDrive/dataset_phishing/train/UnPhising/Unphish (235).jpg,UnPhising
/content/gdrive/MyDrive/dataset_phishing/train/UnPhising/Unphish (215).jpg,UnPhising
/content/gdrive/MyDrive/dataset_phishing/train/UnPhising/Unphish (230).jpg,UnPhising
/content/gdrive/MyDrive/dataset_phishing/train/UnPhising/Unphish (214).jpg,UnPhising
/content/gdrive/MyDrive/dataset_phishing/train/UnPhising/Unphish (220).jpg,UnPhising
/content/gdrive/MyDrive/dataset_phishing/train/UnPhising/Unphish (253).jpg,UnPhising
/content/gdrive/MyDrive/dataset_phishing/train/UnPhising/Unphish (238).jpg,UnPhising
/content/gdrive/MyDrive/dataset_phishing/train/UnPhising/Unphish (237).jpg,UnPhising
/content/gdrive/MyDrive/dataset_phishing/train/UnPhising/Unphish (250).jpg,UnPhising
/content/gdrive/MyDrive/dataset_phishing/train/UnPhising/Unphish (210).jpg,UnPhising
/content/gdrive/MyDrive/dataset_phishing/train/UnPhising/Unphish (240).jpg,UnPhising
/content/gdrive/MyDrive/dataset_phishing/train/UnPhising/Unphish (213).jpg,UnPhising
/content/gdrive/MyDrive/dataset_phishing/train/UnPhising/Unphish (248).jpg,UnPhising
/content/gdrive/MyDrive/dataset_phishing/train/UnPhising/Unphish (251).jpg,UnPhising
/content/gdrive/MyDrive/dataset_phishing/train/UnPhising/Unphish (219).jpg,UnPhising
/content/gdrive/MyDrive/dataset_phishing/train/UnPhising/Unphish (225).jpg,UnPhising
/content/gdrive/MyDrive/dataset_phishing/train/UnPhising/Unphish (247).jpg,UnPhising
/content/gdrive/MyDrive/dataset_phishing/train/UnPhising/Unphish (22).jpg,UnPhising
/content/gdrive/MyDrive/dataset_phishing/train/UnPhising/Unphish (232).jpg,UnPhising
/content/gdrive/MyDrive/dataset_phishing/train/UnPhising/Unphish (25).jpg,UnPhising
/content/gdrive/MyDrive/dataset_phishing/train/UnPhising/Unphish (239).jpg,UnPhising
/content/gdrive/MyDrive/dataset_phishing/train/UnPhising/Unphish (241).jpg,UnPhising
/content/gdrive/MyDrive/dataset_phishing/train/UnPhising/Unphish (23).jpg,UnPhising
/content/gdrive/MyDrive/dataset_phishing/train/UnPhising/Unphish (221).jpg,UnPhising
/content/gdrive/MyDrive/dataset_phishing/train/UnPhising/Unphish (228).jpg,UnPhising
/content/gdrive/MyDrive/dataset_phishing/train/UnPhising/Unphish (252).jpg,UnPhising
/content/gdrive/MyDrive/dataset_phishing/train/UnPhising/Unphish (226).jpg,UnPhising
/content/gdrive/MyDrive/dataset_phishing/train/UnPhising/Unphish (236).jpg,UnPhising
/content/gdrive/MyDrive/dataset_phishing/train/UnPhising/Unphish (233).jpg,UnPhising
/content/gdrive/MyDrive/dataset_phishing/train/UnPhising/Unphish (245).jpg,UnPhising
/content/gdrive/MyDrive/dataset_phishing/train/UnPhising/Unphish (223).jpg,UnPhising
/content/gdrive/MyDrive/dataset_phishing/train/UnPhising/Unphish (271).jpg,UnPhising
/content/gdrive/MyDrive/dataset_phishing/train/UnPhising/Unphish (278).jpg,UnPhising
/content/gdrive/MyDrive/dataset_phishing/train/UnPhising/Unphish (262).jpg,UnPhising
/content/gdrive/MyDrive/dataset_phishing/train/UnPhising/Unphish (289).jpg,UnPhising
/content/gdrive/MyDrive/dataset_phishing/train/UnPhising/Unphish (29).jpg,UnPhising
/content/gdrive/MyDrive/dataset_phishing/train/UnPhising/Unphish (259).jpg,UnPhising
/content/gdrive/MyDrive/dataset_phishing/train/UnPhising/Unphish (270).jpg,UnPhising
/content/gdrive/MyDrive/dataset_phishing/train/UnPhising/Unphish (297).jpg,UnPhising
/content/gdrive/MyDrive/dataset_phishing/train/UnPhising/Unphish (287).jpg,UnPhising
/content/gdrive/MyDrive/dataset_phishing/train/UnPhising/Unphish (266).jpg,UnPhising
/content/gdrive/MyDrive/dataset_phishing/train/UnPhising/Unphish (274).jpg,UnPhising
/content/gdrive/MyDrive/dataset_phishing/train/UnPhising/Unphish (272).jpg,UnPhising
/content/gdrive/MyDrive/dataset_phishing/train/UnPhising/Unphish (27).jpg,UnPhising
/content/gdrive/MyDrive/dataset_phishing/train/UnPhising/Unphish (26).jpg,UnPhising
/content/gdrive/MyDrive/dataset_phishing/train/UnPhising/Unphish (263).jpg,UnPhising
/content/gdrive/MyDrive/dataset_phishing/train/UnPhising/Unphish (258).jpg,UnPhising
/content/gdrive/MyDrive/dataset_phishing/train/UnPhising/Unphish (267).jpg,UnPhising
/content/gdrive/MyDrive/dataset_phishing/train/UnPhising/Unphish (285).jpg,UnPhising
/content/gdrive/MyDrive/dataset_phishing/train/UnPhising/Unphish (296).jpg,UnPhising
/content/gdrive/MyDrive/dataset_phishing/train/UnPhising/Unphish (293).jpg,UnPhising
/content/gdrive/MyDrive/dataset_phishing/train/UnPhising/Unphish (257).jpg,UnPhising
/content/gdrive/MyDrive/dataset_phishing/train/UnPhising/Unphish (281).jpg,UnPhising
/content/gdrive/MyDrive/dataset_phishing/train/UnPhising/Unphish (279).jpg,UnPhising
/content/gdrive/MyDrive/dataset_phishing/train/UnPhising/Unphish (264).jpg,UnPhising
/content/gdrive/MyDrive/dataset_phishing/train/UnPhising/Unphish (284).jpg,UnPhising
/content/gdrive/MyDrive/dataset_phishing/train/UnPhising/Unphish (255).jpg,UnPhising
/content/gdrive/MyDrive/dataset_phishing/train/UnPhising/Unphish (292).jpg,UnPhising
/content/gdrive/MyDrive/dataset_phishing/train/UnPhising/Unphish (295).jpg,UnPhising
/content/gdrive/MyDrive/dataset_phishing/train/UnPhising/Unphish (28).jpg,UnPhising
/content/gdrive/MyDrive/dataset_phishing/train/UnPhising/Unphish (269).jpg,UnPhising
/content/gdrive/MyDrive/dataset_phishing/train/UnPhising/Unphish (261).jpg,UnPhising
/content/gdrive/MyDrive/dataset_phishing/train/UnPhising/Unphish (294).jpg,UnPhising
/content/gdrive/MyDrive/dataset_phishing/train/UnPhising/Unphish (276).jpg,UnPhising
/content/gdrive/MyDrive/dataset_phishing/train/UnPhising/Unphish (280).jpg,UnPhising
/content/gdrive/MyDrive/dataset_phishing/train/UnPhising/Unphish (286).jpg,UnPhising
/content/gdrive/MyDrive/dataset_phishing/train/UnPhising/Unphish (288).jpg,UnPhising
/content/gdrive/MyDrive/dataset_phishing/train/UnPhising/Unphish (283).jpg,UnPhising
/content/gdrive/MyDrive/dataset_phishing/train/UnPhising/Unphish (290).jpg,UnPhising
/content/gdrive/MyDrive/dataset_phishing/train/UnPhising/Unphish (282).jpg,UnPhising
/content/gdrive/MyDrive/dataset_phishing/train/UnPhising/Unphish (305).jpg,UnPhising
/content/gdrive/MyDrive/dataset_phishing/train/UnPhising/Unphish (306).jpg,UnPhising
/content/gdrive/MyDrive/dataset_phishing/train/UnPhising/Unphish (304).jpg,UnPhising
/content/gdrive/MyDrive/dataset_phishing/train/UnPhising/Unphish (328).jpg,UnPhising
/content/gdrive/MyDrive/dataset_phishing/train/UnPhising/Unphish (31).jpg,UnPhising
/content/gdrive/MyDrive/dataset_phishing/train/UnPhising/Unphish (315).jpg,UnPhising
/content/gdrive/MyDrive/dataset_phishing/train/UnPhising/Unphish (337).jpg,UnPhising
/content/gdrive/MyDrive/dataset_phishing/train/UnPhising/Unphish (34).jpg,UnPhising
/content/gdrive/MyDrive/dataset_phishing/train/UnPhising/Unphish (334).jpg,UnPhising
/content/gdrive/MyDrive/dataset_phishing/train/UnPhising/Unphish (317).jpg,UnPhising
/content/gdrive/MyDrive/dataset_phishing/train/UnPhising/Unphish (32).jpg,UnPhising
/content/gdrive/MyDrive/dataset_phishing/train/UnPhising/Unphish (319).jpg,UnPhising
/content/gdrive/MyDrive/dataset_phishing/train/UnPhising/Unphish (318).jpg,UnPhising
/content/gdrive/MyDrive/dataset_phishing/train/UnPhising/Unphish (320).jpg,UnPhising
/content/gdrive/MyDrive/dataset_phishing/train/UnPhising/Unphish (340).jpg,UnPhising
/content/gdrive/MyDrive/dataset_phishing/train/UnPhising/Unphish (30).jpg,UnPhising
/content/gdrive/MyDrive/dataset_phishing/train/UnPhising/Unphish (308).jpg,UnPhising
/content/gdrive/MyDrive/dataset_phishing/train/UnPhising/Unphish (336).jpg,UnPhising
/content/gdrive/MyDrive/dataset_phishing/train/UnPhising/Unphish (327).jpg,UnPhising
/content/gdrive/MyDrive/dataset_phishing/train/UnPhising/Unphish (311).jpg,UnPhising
/content/gdrive/MyDrive/dataset_phishing/train/UnPhising/Unphish (332).jpg,UnPhising
/content/gdrive/MyDrive/dataset_phishing/train/UnPhising/Unphish (324).jpg,UnPhising
/content/gdrive/MyDrive/dataset_phishing/train/UnPhising/Unphish (313).jpg,UnPhising
/content/gdrive/MyDrive/dataset_phishing/train/UnPhising/Unphish (312).jpg,UnPhising
/content/gdrive/MyDrive/dataset_phishing/train/UnPhising/Unphish (302).jpg,UnPhising
/content/gdrive/MyDrive/dataset_phishing/train/UnPhising/Unphish (300).jpg,UnPhising
/content/gdrive/MyDrive/dataset_phishing/train/UnPhising/Unphish (321).jpg,UnPhising
/content/gdrive/MyDrive/dataset_phishing/train/UnPhising/Unphish (33).jpg,UnPhising
/content/gdrive/MyDrive/dataset_phishing/train/UnPhising/Unphish (333).jpg,UnPhising
/content/gdrive/MyDrive/dataset_phishing/train/UnPhising/Unphish (316).jpg,UnPhising
/content/gdrive/MyDrive/dataset_phishing/train/UnPhising/Unphish (331).jpg,UnPhising
/content/gdrive/MyDrive/dataset_phishing/train/UnPhising/Unphish (322).jpg,UnPhising
/content/gdrive/MyDrive/dataset_phishing/train/UnPhising/Unphish (341).jpg,UnPhising
/content/gdrive/MyDrive/dataset_phishing/train/UnPhising/Unphish (301).jpg,UnPhising
/content/gdrive/MyDrive/dataset_phishing/train/UnPhising/Unphish (3).jpg,UnPhising
/content/gdrive/MyDrive/dataset_phishing/train/UnPhising/Unphish (329).jpg,UnPhising
/content/gdrive/MyDrive/dataset_phishing/train/UnPhising/Unphish (323).jpg,UnPhising
/content/gdrive/MyDrive/dataset_phishing/train/UnPhising/Unphish (298).jpg,UnPhising
/content/gdrive/MyDrive/dataset_phishing/train/UnPhising/Unphish (352).jpg,UnPhising
/content/gdrive/MyDrive/dataset_phishing/train/UnPhising/Unphish (369).jpg,UnPhising
/content/gdrive/MyDrive/dataset_phishing/train/UnPhising/Unphish (353).jpg,UnPhising
/content/gdrive/MyDrive/dataset_phishing/train/UnPhising/Unphish (372).jpg,UnPhising
/content/gdrive/MyDrive/dataset_phishing/train/UnPhising/Unphish (348).jpg,UnPhising
/content/gdrive/MyDrive/dataset_phishing/train/UnPhising/Unphish (368).jpg,UnPhising
/content/gdrive/MyDrive/dataset_phishing/train/UnPhising/Unphish (364).jpg,UnPhising
/content/gdrive/MyDrive/dataset_phishing/train/UnPhising/Unphish (373).jpg,UnPhising
/content/gdrive/MyDrive/dataset_phishing/train/UnPhising/Unphish (347).jpg,UnPhising
/content/gdrive/MyDrive/dataset_phishing/train/UnPhising/Unphish (349).jpg,UnPhising
/content/gdrive/MyDrive/dataset_phishing/train/UnPhising/Unphish (346).jpg,UnPhising
/content/gdrive/MyDrive/dataset_phishing/train/UnPhising/Unphish (361).jpg,UnPhising
/content/gdrive/MyDrive/dataset_phishing/train/UnPhising/Unphish (379).jpg,UnPhising
/content/gdrive/MyDrive/dataset_phishing/train/UnPhising/Unphish (366).jpg,UnPhising
/content/gdrive/MyDrive/dataset_phishing/train/UnPhising/Unphish (363).jpg,UnPhising
/content/gdrive/MyDrive/dataset_phishing/train/UnPhising/Unphish (359).jpg,UnPhising
/content/gdrive/MyDrive/dataset_phishing/train/UnPhising/Unphish (38).jpg,UnPhising
/content/gdrive/MyDrive/dataset_phishing/train/UnPhising/Unphish (387).jpg,UnPhising
/content/gdrive/MyDrive/dataset_phishing/train/UnPhising/Unphish (378).jpg,UnPhising
/content/gdrive/MyDrive/dataset_phishing/train/UnPhising/Unphish (360).jpg,UnPhising
/content/gdrive/MyDrive/dataset_phishing/train/UnPhising/Unphish (385).jpg,UnPhising
/content/gdrive/MyDrive/dataset_phishing/train/UnPhising/Unphish (367).jpg,UnPhising
/content/gdrive/MyDrive/dataset_phishing/train/UnPhising/Unphish (344).jpg,UnPhising
/content/gdrive/MyDrive/dataset_phishing/train/UnPhising/Unphish (380).jpg,UnPhising
/content/gdrive/MyDrive/dataset_phishing/train/UnPhising/Unphish (342).jpg,UnPhising
/content/gdrive/MyDrive/dataset_phishing/train/UnPhising/Unphish (376).jpg,UnPhising
/content/gdrive/MyDrive/dataset_phishing/train/UnPhising/Unphish (36).jpg,UnPhising
/content/gdrive/MyDrive/dataset_phishing/train/UnPhising/Unphish (355).jpg,UnPhising
/content/gdrive/MyDrive/dataset_phishing/train/UnPhising/Unphish (345).jpg,UnPhising
/content/gdrive/MyDrive/dataset_phishing/train/UnPhising/Unphish (350).jpg,UnPhising
/content/gdrive/MyDrive/dataset_phishing/train/UnPhising/Unphish (354).jpg,UnPhising
/content/gdrive/MyDrive/dataset_phishing/train/UnPhising/Unphish (386).jpg,UnPhising
/content/gdrive/MyDrive/dataset_phishing/train/UnPhising/Unphish (351).jpg,UnPhising
/content/gdrive/MyDrive/dataset_phishing/train/UnPhising/Unphish (35).jpg,UnPhising
/content/gdrive/MyDrive/dataset_phishing/train/UnPhising/Unphish (357).jpg,UnPhising
/content/gdrive/MyDrive/dataset_phishing/train/UnPhising/Unphish (374).jpg,UnPhising
/content/gdrive/MyDrive/dataset_phishing/train/UnPhising/Unphish (375).jpg,UnPhising
/content/gdrive/MyDrive/dataset_phishing/train/UnPhising/Unphish (416).jpg,UnPhising
/content/gdrive/MyDrive/dataset_phishing/train/UnPhising/Unphish (429).jpg,UnPhising
/content/gdrive/MyDrive/dataset_phishing/train/UnPhising/Unphish (389).jpg,UnPhising
/content/gdrive/MyDrive/dataset_phishing/train/UnPhising/Unphish (394).jpg,UnPhising
/content/gdrive/MyDrive/dataset_phishing/train/UnPhising/Unphish (406).jpg,UnPhising
/content/gdrive/MyDrive/dataset_phishing/train/UnPhising/Unphish (41).jpg,UnPhising
/content/gdrive/MyDrive/dataset_phishing/train/UnPhising/Unphish (392).jpg,UnPhising
/content/gdrive/MyDrive/dataset_phishing/train/UnPhising/Unphish (393).jpg,UnPhising
/content/gdrive/MyDrive/dataset_phishing/train/UnPhising/Unphish (425).jpg,UnPhising
/content/gdrive/MyDrive/dataset_phishing/train/UnPhising/Unphish (39).jpg,UnPhising
/content/gdrive/MyDrive/dataset_phishing/train/UnPhising/Unphish (408).jpg,UnPhising
/content/gdrive/MyDrive/dataset_phishing/train/UnPhising/Unphish (395).jpg,UnPhising
/content/gdrive/MyDrive/dataset_phishing/train/UnPhising/Unphish (404).jpg,UnPhising
/content/gdrive/MyDrive/dataset_phishing/train/UnPhising/Unphish (411).jpg,UnPhising
/content/gdrive/MyDrive/dataset_phishing/train/UnPhising/Unphish (407).jpg,UnPhising
/content/gdrive/MyDrive/dataset_phishing/train/UnPhising/Unphish (414).jpg,UnPhising
/content/gdrive/MyDrive/dataset_phishing/train/UnPhising/Unphish (402).jpg,UnPhising
/content/gdrive/MyDrive/dataset_phishing/train/UnPhising/Unphish (423).jpg,UnPhising
/content/gdrive/MyDrive/dataset_phishing/train/UnPhising/Unphish (421).jpg,UnPhising
/content/gdrive/MyDrive/dataset_phishing/train/UnPhising/Unphish (427).jpg,UnPhising
/content/gdrive/MyDrive/dataset_phishing/train/UnPhising/Unphish (415).jpg,UnPhising
/content/gdrive/MyDrive/dataset_phishing/train/UnPhising/Unphish (390).jpg,UnPhising
/content/gdrive/MyDrive/dataset_phishing/train/UnPhising/Unphish (401).jpg,UnPhising
/content/gdrive/MyDrive/dataset_phishing/train/UnPhising/Unphish (422).jpg,UnPhising
/content/gdrive/MyDrive/dataset_phishing/train/UnPhising/Unphish (397).jpg,UnPhising
/content/gdrive/MyDrive/dataset_phishing/train/UnPhising/Unphish (405).jpg,UnPhising
/content/gdrive/MyDrive/dataset_phishing/train/UnPhising/Unphish (400).jpg,UnPhising
/content/gdrive/MyDrive/dataset_phishing/train/UnPhising/Unphish (42).jpg,UnPhising
/content/gdrive/MyDrive/dataset_phishing/train/UnPhising/Unphish (410).jpg,UnPhising
/content/gdrive/MyDrive/dataset_phishing/train/UnPhising/Unphish (396).jpg,UnPhising
/content/gdrive/MyDrive/dataset_phishing/train/UnPhising/Unphish (413).jpg,UnPhising
/content/gdrive/MyDrive/dataset_phishing/train/UnPhising/Unphish (388).jpg,UnPhising
/content/gdrive/MyDrive/dataset_phishing/train/UnPhising/Unphish (403).jpg,UnPhising
/content/gdrive/MyDrive/dataset_phishing/train/UnPhising/Unphish (428).jpg,UnPhising
/content/gdrive/MyDrive/dataset_phishing/train/UnPhising/Unphish (426).jpg,UnPhising
/content/gdrive/MyDrive/dataset_phishing/train/UnPhising/Unphish (424).jpg,UnPhising
/content/gdrive/MyDrive/dataset_phishing/train/UnPhising/Unphish (4).jpg,UnPhising
/content/gdrive/MyDrive/dataset_phishing/train/UnPhising/Unphish (419).jpg,UnPhising
/content/gdrive/MyDrive/dataset_phishing/train/UnPhising/Unphish (417).jpg,UnPhising
/content/gdrive/MyDrive/dataset_phishing/train/UnPhising/Unphish (399).jpg,UnPhising
/content/gdrive/MyDrive/dataset_phishing/train/UnPhising/Unphish (456).jpg,UnPhising
/content/gdrive/MyDrive/dataset_phishing/train/UnPhising/Unphish (463).jpg,UnPhising
/content/gdrive/MyDrive/dataset_phishing/train/UnPhising/Unphish (446).jpg,UnPhising
/content/gdrive/MyDrive/dataset_phishing/train/UnPhising/Unphish (435).jpg,UnPhising
/content/gdrive/MyDrive/dataset_phishing/train/UnPhising/Unphish (436).jpg,UnPhising
/content/gdrive/MyDrive/dataset_phishing/train/UnPhising/Unphish (469).jpg,UnPhising
/content/gdrive/MyDrive/dataset_phishing/train/UnPhising/Unphish (455).jpg,UnPhising
/content/gdrive/MyDrive/dataset_phishing/train/UnPhising/Unphish (465).jpg,UnPhising
/content/gdrive/MyDrive/dataset_phishing/train/UnPhising/Unphish (44).jpg,UnPhising
/content/gdrive/MyDrive/dataset_phishing/train/UnPhising/Unphish (431).jpg,UnPhising
/content/gdrive/MyDrive/dataset_phishing/train/UnPhising/Unphish (439).jpg,UnPhising
/content/gdrive/MyDrive/dataset_phishing/train/UnPhising/Unphish (462).jpg,UnPhising
/content/gdrive/MyDrive/dataset_phishing/train/UnPhising/Unphish (447).jpg,UnPhising
/content/gdrive/MyDrive/dataset_phishing/train/UnPhising/Unphish (433).jpg,UnPhising
/content/gdrive/MyDrive/dataset_phishing/train/UnPhising/Unphish (464).jpg,UnPhising
/content/gdrive/MyDrive/dataset_phishing/train/UnPhising/Unphish (452).jpg,UnPhising
/content/gdrive/MyDrive/dataset_phishing/train/UnPhising/Unphish (448).jpg,UnPhising
/content/gdrive/MyDrive/dataset_phishing/train/UnPhising/Unphish (472).jpg,UnPhising
/content/gdrive/MyDrive/dataset_phishing/train/UnPhising/Unphish (450).jpg,UnPhising
/content/gdrive/MyDrive/dataset_phishing/train/UnPhising/Unphish (466).jpg,UnPhising
/content/gdrive/MyDrive/dataset_phishing/train/UnPhising/Unphish (470).jpg,UnPhising
/content/gdrive/MyDrive/dataset_phishing/train/UnPhising/Unphish (46).jpg,UnPhising
/content/gdrive/MyDrive/dataset_phishing/train/UnPhising/Unphish (434).jpg,UnPhising
/content/gdrive/MyDrive/dataset_phishing/train/UnPhising/Unphish (454).jpg,UnPhising
/content/gdrive/MyDrive/dataset_phishing/train/UnPhising/Unphish (47).jpg,UnPhising
/content/gdrive/MyDrive/dataset_phishing/train/UnPhising/Unphish (438).jpg,UnPhising
/content/gdrive/MyDrive/dataset_phishing/train/UnPhising/Unphish (449).jpg,UnPhising
/content/gdrive/MyDrive/dataset_phishing/train/UnPhising/Unphish (460).jpg,UnPhising
/content/gdrive/MyDrive/dataset_phishing/train/UnPhising/Unphish (458).jpg,UnPhising
/content/gdrive/MyDrive/dataset_phishing/train/UnPhising/Unphish (442).jpg,UnPhising
/content/gdrive/MyDrive/dataset_phishing/train/UnPhising/Unphish (467).jpg,UnPhising
/content/gdrive/MyDrive/dataset_phishing/train/UnPhising/Unphish (444).jpg,UnPhising
/content/gdrive/MyDrive/dataset_phishing/train/UnPhising/Unphish (461).jpg,UnPhising
/content/gdrive/MyDrive/dataset_phishing/train/UnPhising/Unphish (443).jpg,UnPhising
/content/gdrive/MyDrive/dataset_phishing/train/UnPhising/Unphish (489).jpg,UnPhising
/content/gdrive/MyDrive/dataset_phishing/train/UnPhising/Unphish (476).jpg,UnPhising
/content/gdrive/MyDrive/dataset_phishing/train/UnPhising/Unphish (511).jpg,UnPhising
/content/gdrive/MyDrive/dataset_phishing/train/UnPhising/Unphish (499).jpg,UnPhising
/content/gdrive/MyDrive/dataset_phishing/train/UnPhising/Unphish (491).jpg,UnPhising
/content/gdrive/MyDrive/dataset_phishing/train/UnPhising/Unphish (488).jpg,UnPhising
/content/gdrive/MyDrive/dataset_phishing/train/UnPhising/Unphish (512).jpg,UnPhising
/content/gdrive/MyDrive/dataset_phishing/train/UnPhising/Unphish (50).jpg,UnPhising
/content/gdrive/MyDrive/dataset_phishing/train/UnPhising/Unphish (478).jpg,UnPhising
/content/gdrive/MyDrive/dataset_phishing/train/UnPhising/Unphish (492).jpg,UnPhising
/content/gdrive/MyDrive/dataset_phishing/train/UnPhising/Unphish (5).jpg,UnPhising
/content/gdrive/MyDrive/dataset_phishing/train/UnPhising/Unphish (490).jpg,UnPhising
/content/gdrive/MyDrive/dataset_phishing/train/UnPhising/Unphish (510).jpg,UnPhising
/content/gdrive/MyDrive/dataset_phishing/train/UnPhising/Unphish (508).jpg,UnPhising
/content/gdrive/MyDrive/dataset_phishing/train/UnPhising/Unphish (48).jpg,UnPhising
/content/gdrive/MyDrive/dataset_phishing/train/UnPhising/Unphish (501).jpg,UnPhising
/content/gdrive/MyDrive/dataset_phishing/train/UnPhising/Unphish (518).jpg,UnPhising
/content/gdrive/MyDrive/dataset_phishing/train/UnPhising/Unphish (480).jpg,UnPhising
/content/gdrive/MyDrive/dataset_phishing/train/UnPhising/Unphish (506).jpg,UnPhising
/content/gdrive/MyDrive/dataset_phishing/train/UnPhising/Unphish (493).jpg,UnPhising
/content/gdrive/MyDrive/dataset_phishing/train/UnPhising/Unphish (514).jpg,UnPhising
/content/gdrive/MyDrive/dataset_phishing/train/UnPhising/Unphish (494).jpg,UnPhising
/content/gdrive/MyDrive/dataset_phishing/train/UnPhising/Unphish (481).jpg,UnPhising
/content/gdrive/MyDrive/dataset_phishing/train/UnPhising/Unphish (503).jpg,UnPhising
/content/gdrive/MyDrive/dataset_phishing/train/UnPhising/Unphish (486).jpg,UnPhising
/content/gdrive/MyDrive/dataset_phishing/train/UnPhising/Unphish (479).jpg,UnPhising
/content/gdrive/MyDrive/dataset_phishing/train/UnPhising/Unphish (496).jpg,UnPhising
/content/gdrive/MyDrive/dataset_phishing/train/UnPhising/Unphish (497).jpg,UnPhising
/content/gdrive/MyDrive/dataset_phishing/train/UnPhising/Unphish (483).jpg,UnPhising
/content/gdrive/MyDrive/dataset_phishing/train/UnPhising/Unphish (484).jpg,UnPhising
/content/gdrive/MyDrive/dataset_phishing/train/UnPhising/Unphish (51).jpg,UnPhising
/content/gdrive/MyDrive/dataset_phishing/train/UnPhising/Unphish (495).jpg,UnPhising
/content/gdrive/MyDrive/dataset_phishing/train/UnPhising/Unphish (482).jpg,UnPhising
/content/gdrive/MyDrive/dataset_phishing/train/UnPhising/Unphish (487).jpg,UnPhising
/content/gdrive/MyDrive/dataset_phishing/train/UnPhising/Unphish (505).jpg,UnPhising
/content/gdrive/MyDrive/dataset_phishing/train/UnPhising/Unphish (513).jpg,UnPhising
/content/gdrive/MyDrive/dataset_phishing/train/UnPhising/Unphish (485).jpg,UnPhising
/content/gdrive/MyDrive/dataset_phishing/train/UnPhising/Unphish (477).jpg,UnPhising
/content/gdrive/MyDrive/dataset_phishing/train/UnPhising/Unphish (502).jpg,UnPhising
/content/gdrive/MyDrive/dataset_phishing/train/UnPhising/Unphish (539).jpg,UnPhising
/content/gdrive/MyDrive/dataset_phishing/train/UnPhising/Unphish (523).jpg,UnPhising
/content/gdrive/MyDrive/dataset_phishing/train/UnPhising/Unphish (551).jpg,UnPhising
/content/gdrive/MyDrive/dataset_phishing/train/UnPhising/Unphish (531).jpg,UnPhising
/content/gdrive/MyDrive/dataset_phishing/train/UnPhising/Unphish (519).jpg,UnPhising
/content/gdrive/MyDrive/dataset_phishing/train/UnPhising/Unphish (526).jpg,UnPhising
/content/gdrive/MyDrive/dataset_phishing/train/UnPhising/Unphish (543).jpg,UnPhising
/content/gdrive/MyDrive/dataset_phishing/train/UnPhising/Unphish (53).jpg,UnPhising
/content/gdrive/MyDrive/dataset_phishing/train/UnPhising/Unphish (527).jpg,UnPhising
/content/gdrive/MyDrive/dataset_phishing/train/UnPhising/Unphish (542).jpg,UnPhising
/content/gdrive/MyDrive/dataset_phishing/train/UnPhising/Unphish (56).jpg,UnPhising
/content/gdrive/MyDrive/dataset_phishing/train/UnPhising/Unphish (544).jpg,UnPhising
/content/gdrive/MyDrive/dataset_phishing/train/UnPhising/Unphish (54).jpg,UnPhising
/content/gdrive/MyDrive/dataset_phishing/train/UnPhising/Unphish (532).jpg,UnPhising
/content/gdrive/MyDrive/dataset_phishing/train/UnPhising/Unphish (541).jpg,UnPhising
/content/gdrive/MyDrive/dataset_phishing/train/UnPhising/Unphish (534).jpg,UnPhising
/content/gdrive/MyDrive/dataset_phishing/train/UnPhising/Unphish (559).jpg,UnPhising
/content/gdrive/MyDrive/dataset_phishing/train/UnPhising/Unphish (524).jpg,UnPhising
/content/gdrive/MyDrive/dataset_phishing/train/UnPhising/Unphish (550).jpg,UnPhising
/content/gdrive/MyDrive/dataset_phishing/train/UnPhising/Unphish (549).jpg,UnPhising
/content/gdrive/MyDrive/dataset_phishing/train/UnPhising/Unphish (522).jpg,UnPhising
/content/gdrive/MyDrive/dataset_phishing/train/UnPhising/Unphish (548).jpg,UnPhising
/content/gdrive/MyDrive/dataset_phishing/train/UnPhising/Unphish (533).jpg,UnPhising
/content/gdrive/MyDrive/dataset_phishing/train/UnPhising/Unphish (547).jpg,UnPhising
/content/gdrive/MyDrive/dataset_phishing/train/UnPhising/Unphish (555).jpg,UnPhising
/content/gdrive/MyDrive/dataset_phishing/train/UnPhising/Unphish (535).jpg,UnPhising
/content/gdrive/MyDrive/dataset_phishing/train/UnPhising/Unphish (520).jpg,UnPhising
/content/gdrive/MyDrive/dataset_phishing/train/UnPhising/Unphish (528).jpg,UnPhising
/content/gdrive/MyDrive/dataset_phishing/train/UnPhising/Unphish (525).jpg,UnPhising
/content/gdrive/MyDrive/dataset_phishing/train/UnPhising/Unphish (556).jpg,UnPhising
/content/gdrive/MyDrive/dataset_phishing/train/UnPhising/Unphish (52).jpg,UnPhising
/content/gdrive/MyDrive/dataset_phishing/train/UnPhising/Unphish (546).jpg,UnPhising
/content/gdrive/MyDrive/dataset_phishing/train/UnPhising/Unphish (530).jpg,UnPhising
/content/gdrive/MyDrive/dataset_phishing/train/UnPhising/Unphish (553).jpg,UnPhising
/content/gdrive/MyDrive/dataset_phishing/train/UnPhising/Unphish (521).jpg,UnPhising
/content/gdrive/MyDrive/dataset_phishing/train/UnPhising/Unphish (536).jpg,UnPhising
/content/gdrive/MyDrive/dataset_phishing/train/UnPhising/Unphish (545).jpg,UnPhising
/content/gdrive/MyDrive/dataset_phishing/train/UnPhising/Unphish (540).jpg,UnPhising
/content/gdrive/MyDrive/dataset_phishing/train/UnPhising/Unphish (554).jpg,UnPhising
/content/gdrive/MyDrive/dataset_phishing/train/UnPhising/Unphish (55).jpg,UnPhising
/content/gdrive/MyDrive/dataset_phishing/train/UnPhising/Unphish (75).jpg,UnPhising
/content/gdrive/MyDrive/dataset_phishing/train/UnPhising/Unphish (569).jpg,UnPhising
/content/gdrive/MyDrive/dataset_phishing/train/UnPhising/Unphish (68).jpg,UnPhising
/content/gdrive/MyDrive/dataset_phishing/train/UnPhising/Unphish (74).jpg,UnPhising
/content/gdrive/MyDrive/dataset_phishing/train/UnPhising/Unphish (70).jpg,UnPhising
/content/gdrive/MyDrive/dataset_phishing/train/UnPhising/Unphish (76).jpg,UnPhising
/content/gdrive/MyDrive/dataset_phishing/train/UnPhising/Unphish (82).jpg,UnPhising
/content/gdrive/MyDrive/dataset_phishing/train/UnPhising/Unphish (560).jpg,UnPhising
/content/gdrive/MyDrive/dataset_phishing/train/UnPhising/Unphish (573).jpg,UnPhising
/content/gdrive/MyDrive/dataset_phishing/train/UnPhising/Unphish (73).jpg,UnPhising
/content/gdrive/MyDrive/dataset_phishing/train/UnPhising/Unphish (60).jpg,UnPhising
/content/gdrive/MyDrive/dataset_phishing/train/UnPhising/Unphish (564).jpg,UnPhising
/content/gdrive/MyDrive/dataset_phishing/train/UnPhising/Unphish (80).jpg,UnPhising
/content/gdrive/MyDrive/dataset_phishing/train/UnPhising/Unphish (8).jpg,UnPhising
/content/gdrive/MyDrive/dataset_phishing/train/UnPhising/Unphish (7).jpg,UnPhising
/content/gdrive/MyDrive/dataset_phishing/train/UnPhising/Unphish (565).jpg,UnPhising
/content/gdrive/MyDrive/dataset_phishing/train/UnPhising/Unphish (66).jpg,UnPhising
/content/gdrive/MyDrive/dataset_phishing/train/UnPhising/Unphish (64).jpg,UnPhising
/content/gdrive/MyDrive/dataset_phishing/train/UnPhising/Unphish (67).jpg,UnPhising
/content/gdrive/MyDrive/dataset_phishing/train/UnPhising/Unphish (58).jpg,UnPhising
/content/gdrive/MyDrive/dataset_phishing/train/UnPhising/Unphish (563).jpg,UnPhising
/content/gdrive/MyDrive/dataset_phishing/train/UnPhising/Unphish (86).jpg,UnPhising
/content/gdrive/MyDrive/dataset_phishing/train/UnPhising/Unphish (561).jpg,UnPhising
/content/gdrive/MyDrive/dataset_phishing/train/UnPhising/Unphish (570).jpg,UnPhising
/content/gdrive/MyDrive/dataset_phishing/train/UnPhising/Unphish (562).jpg,UnPhising
/content/gdrive/MyDrive/dataset_phishing/train/UnPhising/Unphish (84).jpg,UnPhising
/content/gdrive/MyDrive/dataset_phishing/train/UnPhising/Unphish (571).jpg,UnPhising
/content/gdrive/MyDrive/dataset_phishing/train/UnPhising/Unphish (62).jpg,UnPhising
/content/gdrive/MyDrive/dataset_phishing/train/UnPhising/Unphish (567).jpg,UnPhising
/content/gdrive/MyDrive/dataset_phishing/train/UnPhising/Unphish (566).jpg,UnPhising
/content/gdrive/MyDrive/dataset_phishing/train/UnPhising/Unphish (57).jpg,UnPhising
/content/gdrive/MyDrive/dataset_phishing/train/UnPhising/Unphish (574).jpg,UnPhising
/content/gdrive/MyDrive/dataset_phishing/train/UnPhising/Unphish (61).jpg,UnPhising
/content/gdrive/MyDrive/dataset_phishing/train/UnPhising/Unphish (63).jpg,UnPhising
/content/gdrive/MyDrive/dataset_phishing/train/UnPhising/Unphish (572).jpg,UnPhising
/content/gdrive/MyDrive/dataset_phishing/train/UnPhising/Unphish (79).jpg,UnPhising
/content/gdrive/MyDrive/dataset_phishing/train/UnPhising/Unphish (6).jpg,UnPhising
/content/gdrive/MyDrive/dataset_phishing/train/UnPhising/Unphish (65).jpg,UnPhising
/content/gdrive/MyDrive/dataset_phishing/train/UnPhising/Unphish (69).jpg,UnPhising
/content/gdrive/MyDrive/dataset_phishing/train/UnPhising/Unphish (81).jpg,UnPhising
/content/gdrive/MyDrive/dataset_phishing/train/UnPhising/Unphish (78).jpg,UnPhising
/content/gdrive/MyDrive/dataset_phishing/train/UnPhising/Unphish (88).jpg,UnPhising
/content/gdrive/MyDrive/dataset_phishing/train/UnPhising/Unphish (9).jpg,UnPhising
/content/gdrive/MyDrive/dataset_phishing/train/UnPhising/Unphish (95).jpg,UnPhising
/content/gdrive/MyDrive/dataset_phishing/train/UnPhising/Unphish (90).jpg,UnPhising
/content/gdrive/MyDrive/dataset_phishing/train/UnPhising/Unphish (96).jpg,UnPhising
/content/gdrive/MyDrive/dataset_phishing/train/UnPhising/Unphish (94).jpg,UnPhising
/content/gdrive/MyDrive/dataset_phishing/train/UnPhising/Unphish (89).jpg,UnPhising
/content/gdrive/MyDrive/dataset_phishing/train/UnPhising/Unphish (98).jpg,UnPhising
/content/gdrive/MyDrive/dataset_phishing/train/UnPhising/Unphish (97).jpg,UnPhising
/content/gdrive/MyDrive/dataset_phishing/train/UnPhising/Unphish (93).jpg,UnPhising
/content/gdrive/MyDrive/dataset_phishing/train/UnPhising/Unphish (91).jpg,UnPhising
/content/gdrive/MyDrive/dataset_phishing/train/UnPhising/Unphish (99).jpg,UnPhising
/content/gdrive/MyDrive/dataset_phishing/train/UnPhising/Unphish (92).jpg,UnPhising
/content/gdrive/MyDrive/dataset_phishing/train/Phising/Phish (120).jpg,Phising
/content/gdrive/MyDrive/dataset_phishing/train/Phising/Phish (119).jpg,Phising
/content/gdrive/MyDrive/dataset_phishing/train/Phising/Phish (126).jpg,Phising
/content/gdrive/MyDrive/dataset_phishing/train/Phising/Phish (129).jpg,Phising
/content/gdrive/MyDrive/dataset_phishing/train/Phising/Phish (109).jpg,Phising
/content/gdrive/MyDrive/dataset_phishing/train/Phising/Phish (131).jpg,Phising
/content/gdrive/MyDrive/dataset_phishing/train/Phising/Phish (139).jpg,Phising
/content/gdrive/MyDrive/dataset_phishing/train/Phising/Phish (124).jpg,Phising
/content/gdrive/MyDrive/dataset_phishing/train/Phising/Phish (117).jpg,Phising
/content/gdrive/MyDrive/dataset_phishing/train/Phising/Phish (115).jpg,Phising
/content/gdrive/MyDrive/dataset_phishing/train/Phising/Phish (122).jpg,Phising
/content/gdrive/MyDrive/dataset_phishing/train/Phising/Phish (11).jpg,Phising
/content/gdrive/MyDrive/dataset_phishing/train/Phising/Phish (108).jpg,Phising
/content/gdrive/MyDrive/dataset_phishing/train/Phising/Phish (132).jpg,Phising
/content/gdrive/MyDrive/dataset_phishing/train/Phising/Phish (12).jpg,Phising
/content/gdrive/MyDrive/dataset_phishing/train/Phising/Phish (105).jpg,Phising
/content/gdrive/MyDrive/dataset_phishing/train/Phising/Phish (14).jpg,Phising
/content/gdrive/MyDrive/dataset_phishing/train/Phising/Phish (10).jpg,Phising
/content/gdrive/MyDrive/dataset_phishing/train/Phising/Phish (130).jpg,Phising
/content/gdrive/MyDrive/dataset_phishing/train/Phising/Phish (133).jpg,Phising
/content/gdrive/MyDrive/dataset_phishing/train/Phising/Phish (121).jpg,Phising
/content/gdrive/MyDrive/dataset_phishing/train/Phising/Phish (142).jpg,Phising
/content/gdrive/MyDrive/dataset_phishing/train/Phising/Phish (138).jpg,Phising
/content/gdrive/MyDrive/dataset_phishing/train/Phising/Phish (101).jpg,Phising
/content/gdrive/MyDrive/dataset_phishing/train/Phising/Phish (113).jpg,Phising
/content/gdrive/MyDrive/dataset_phishing/train/Phising/Phish (140).jpg,Phising
/content/gdrive/MyDrive/dataset_phishing/train/Phising/Phish (114).jpg,Phising
/content/gdrive/MyDrive/dataset_phishing/train/Phising/Phish (135).jpg,Phising
/content/gdrive/MyDrive/dataset_phishing/train/Phising/Phish (144).jpg,Phising
/content/gdrive/MyDrive/dataset_phishing/train/Phising/Phish (141).jpg,Phising
/content/gdrive/MyDrive/dataset_phishing/train/Phising/Phish (111).jpg,Phising
/content/gdrive/MyDrive/dataset_phishing/train/Phising/Phish (125).jpg,Phising
/content/gdrive/MyDrive/dataset_phishing/train/Phising/Phish (128).jpg,Phising
/content/gdrive/MyDrive/dataset_phishing/train/Phising/Phish (104).jpg,Phising
/content/gdrive/MyDrive/dataset_phishing/train/Phising/Phish (136).jpg,Phising
/content/gdrive/MyDrive/dataset_phishing/train/Phising/Phish (137).jpg,Phising
/content/gdrive/MyDrive/dataset_phishing/train/Phising/Phish (106).jpg,Phising
/content/gdrive/MyDrive/dataset_phishing/train/Phising/Phish (110).jpg,Phising
/content/gdrive/MyDrive/dataset_phishing/train/Phising/Phish (118).jpg,Phising
/content/gdrive/MyDrive/dataset_phishing/train/Phising/Phish (103).jpg,Phising
/content/gdrive/MyDrive/dataset_phishing/train/Phising/Phish (146).jpg,Phising
/content/gdrive/MyDrive/dataset_phishing/train/Phising/Phish (1).jpg,Phising
/content/gdrive/MyDrive/dataset_phishing/train/Phising/Phish (149).jpg,Phising
/content/gdrive/MyDrive/dataset_phishing/train/Phising/Phish (150).jpg,Phising
/content/gdrive/MyDrive/dataset_phishing/train/Phising/Phish (184).jpg,Phising
/content/gdrive/MyDrive/dataset_phishing/train/Phising/Phish (165).jpg,Phising
/content/gdrive/MyDrive/dataset_phishing/train/Phising/Phish (174).jpg,Phising
/content/gdrive/MyDrive/dataset_phishing/train/Phising/Phish (17).jpg,Phising
/content/gdrive/MyDrive/dataset_phishing/train/Phising/Phish (152).jpg,Phising
/content/gdrive/MyDrive/dataset_phishing/train/Phising/Phish (163).jpg,Phising
/content/gdrive/MyDrive/dataset_phishing/train/Phising/Phish (15).jpg,Phising
/content/gdrive/MyDrive/dataset_phishing/train/Phising/Phish (175).jpg,Phising
/content/gdrive/MyDrive/dataset_phishing/train/Phising/Phish (154).jpg,Phising
/content/gdrive/MyDrive/dataset_phishing/train/Phising/Phish (171).jpg,Phising
/content/gdrive/MyDrive/dataset_phishing/train/Phising/Phish (189).jpg,Phising
/content/gdrive/MyDrive/dataset_phishing/train/Phising/Phish (159).jpg,Phising
/content/gdrive/MyDrive/dataset_phishing/train/Phising/Phish (179).jpg,Phising
/content/gdrive/MyDrive/dataset_phishing/train/Phising/Phish (169).jpg,Phising
/content/gdrive/MyDrive/dataset_phishing/train/Phising/Phish (172).jpg,Phising
/content/gdrive/MyDrive/dataset_phishing/train/Phising/Phish (158).jpg,Phising
/content/gdrive/MyDrive/dataset_phishing/train/Phising/Phish (181).jpg,Phising
/content/gdrive/MyDrive/dataset_phishing/train/Phising/Phish (148).jpg,Phising
/content/gdrive/MyDrive/dataset_phishing/train/Phising/Phish (156).jpg,Phising
/content/gdrive/MyDrive/dataset_phishing/train/Phising/Phish (160).jpg,Phising
/content/gdrive/MyDrive/dataset_phishing/train/Phising/Phish (182).jpg,Phising
/content/gdrive/MyDrive/dataset_phishing/train/Phising/Phish (187).jpg,Phising
/content/gdrive/MyDrive/dataset_phishing/train/Phising/Phish (19).jpg,Phising
/content/gdrive/MyDrive/dataset_phishing/train/Phising/Phish (161).jpg,Phising
/content/gdrive/MyDrive/dataset_phishing/train/Phising/Phish (176).jpg,Phising
/content/gdrive/MyDrive/dataset_phishing/train/Phising/Phish (178).jpg,Phising
/content/gdrive/MyDrive/dataset_phishing/train/Phising/Phish (16).jpg,Phising
/content/gdrive/MyDrive/dataset_phishing/train/Phising/Phish (188).jpg,Phising
/content/gdrive/MyDrive/dataset_phishing/train/Phising/Phish (183).jpg,Phising
/content/gdrive/MyDrive/dataset_phishing/train/Phising/Phish (177).jpg,Phising
/content/gdrive/MyDrive/dataset_phishing/train/Phising/Phish (186).jpg,Phising
/content/gdrive/MyDrive/dataset_phishing/train/Phising/Phish (162).jpg,Phising
/content/gdrive/MyDrive/dataset_phishing/train/Phising/Phish (180).jpg,Phising
/content/gdrive/MyDrive/dataset_phishing/train/Phising/Phish (170).jpg,Phising
/content/gdrive/MyDrive/dataset_phishing/train/Phising/Phish (190).jpg,Phising
/content/gdrive/MyDrive/dataset_phishing/train/Phising/Phish (155).jpg,Phising
/content/gdrive/MyDrive/dataset_phishing/train/Phising/Phish (151).jpg,Phising
/content/gdrive/MyDrive/dataset_phishing/train/Phising/Phish (207).jpg,Phising
/content/gdrive/MyDrive/dataset_phishing/train/Phising/Phish (233).jpg,Phising
/content/gdrive/MyDrive/dataset_phishing/train/Phising/Phish (226).jpg,Phising
/content/gdrive/MyDrive/dataset_phishing/train/Phising/Phish (192).jpg,Phising
/content/gdrive/MyDrive/dataset_phishing/train/Phising/Phish (198).jpg,Phising
/content/gdrive/MyDrive/dataset_phishing/train/Phising/Phish (212).jpg,Phising
/content/gdrive/MyDrive/dataset_phishing/train/Phising/Phish (209).jpg,Phising
/content/gdrive/MyDrive/dataset_phishing/train/Phising/Phish (2).jpg,Phising
/content/gdrive/MyDrive/dataset_phishing/train/Phising/Phish (195).jpg,Phising
/content/gdrive/MyDrive/dataset_phishing/train/Phising/Phish (213).jpg,Phising
/content/gdrive/MyDrive/dataset_phishing/train/Phising/Phish (21).jpg,Phising
/content/gdrive/MyDrive/dataset_phishing/train/Phising/Phish (229).jpg,Phising
/content/gdrive/MyDrive/dataset_phishing/train/Phising/Phish (216).jpg,Phising
/content/gdrive/MyDrive/dataset_phishing/train/Phising/Phish (22).jpg,Phising
/content/gdrive/MyDrive/dataset_phishing/train/Phising/Phish (197).jpg,Phising
/content/gdrive/MyDrive/dataset_phishing/train/Phising/Phish (193).jpg,Phising
/content/gdrive/MyDrive/dataset_phishing/train/Phising/Phish (211).jpg,Phising
/content/gdrive/MyDrive/dataset_phishing/train/Phising/Phish (196).jpg,Phising
/content/gdrive/MyDrive/dataset_phishing/train/Phising/Phish (191).jpg,Phising
/content/gdrive/MyDrive/dataset_phishing/train/Phising/Phish (203).jpg,Phising
/content/gdrive/MyDrive/dataset_phishing/train/Phising/Phish (204).jpg,Phising
/content/gdrive/MyDrive/dataset_phishing/train/Phising/Phish (221).jpg,Phising
/content/gdrive/MyDrive/dataset_phishing/train/Phising/Phish (225).jpg,Phising
/content/gdrive/MyDrive/dataset_phishing/train/Phising/Phish (219).jpg,Phising
/content/gdrive/MyDrive/dataset_phishing/train/Phising/Phish (227).jpg,Phising
/content/gdrive/MyDrive/dataset_phishing/train/Phising/Phish (215).jpg,Phising
/content/gdrive/MyDrive/dataset_phishing/train/Phising/Phish (199).jpg,Phising
/content/gdrive/MyDrive/dataset_phishing/train/Phising/Phish (220).jpg,Phising
/content/gdrive/MyDrive/dataset_phishing/train/Phising/Phish (214).jpg,Phising
/content/gdrive/MyDrive/dataset_phishing/train/Phising/Phish (223).jpg,Phising
/content/gdrive/MyDrive/dataset_phishing/train/Phising/Phish (228).jpg,Phising
/content/gdrive/MyDrive/dataset_phishing/train/Phising/Phish (217).jpg,Phising
/content/gdrive/MyDrive/dataset_phishing/train/Phising/Phish (202).jpg,Phising
/content/gdrive/MyDrive/dataset_phishing/train/Phising/Phish (206).jpg,Phising
/content/gdrive/MyDrive/dataset_phishing/train/Phising/Phish (222).jpg,Phising
/content/gdrive/MyDrive/dataset_phishing/train/Phising/Phish (230).jpg,Phising
/content/gdrive/MyDrive/dataset_phishing/train/Phising/Phish (23).jpg,Phising
/content/gdrive/MyDrive/dataset_phishing/train/Phising/Phish (232).jpg,Phising
/content/gdrive/MyDrive/dataset_phishing/train/Phising/Phish (194).jpg,Phising
/content/gdrive/MyDrive/dataset_phishing/train/Phising/Phish (234).jpg,Phising
/content/gdrive/MyDrive/dataset_phishing/train/Phising/Phish (231).jpg,Phising
/content/gdrive/MyDrive/dataset_phishing/train/Phising/Phish (200).jpg,Phising
/content/gdrive/MyDrive/dataset_phishing/train/Phising/Phish (273).jpg,Phising
/content/gdrive/MyDrive/dataset_phishing/train/Phising/Phish (243).jpg,Phising
/content/gdrive/MyDrive/dataset_phishing/train/Phising/Phish (279).jpg,Phising
/content/gdrive/MyDrive/dataset_phishing/train/Phising/Phish (266).jpg,Phising
/content/gdrive/MyDrive/dataset_phishing/train/Phising/Phish (259).jpg,Phising
/content/gdrive/MyDrive/dataset_phishing/train/Phising/Phish (242).jpg,Phising
/content/gdrive/MyDrive/dataset_phishing/train/Phising/Phish (267).jpg,Phising
/content/gdrive/MyDrive/dataset_phishing/train/Phising/Phish (275).jpg,Phising
/content/gdrive/MyDrive/dataset_phishing/train/Phising/Phish (236).jpg,Phising
/content/gdrive/MyDrive/dataset_phishing/train/Phising/Phish (251).jpg,Phising
/content/gdrive/MyDrive/dataset_phishing/train/Phising/Phish (257).jpg,Phising
/content/gdrive/MyDrive/dataset_phishing/train/Phising/Phish (276).jpg,Phising
/content/gdrive/MyDrive/dataset_phishing/train/Phising/Phish (271).jpg,Phising
/content/gdrive/MyDrive/dataset_phishing/train/Phising/Phish (258).jpg,Phising
/content/gdrive/MyDrive/dataset_phishing/train/Phising/Phish (24).jpg,Phising
/content/gdrive/MyDrive/dataset_phishing/train/Phising/Phish (235).jpg,Phising
/content/gdrive/MyDrive/dataset_phishing/train/Phising/Phish (252).jpg,Phising
/content/gdrive/MyDrive/dataset_phishing/train/Phising/Phish (241).jpg,Phising
/content/gdrive/MyDrive/dataset_phishing/train/Phising/Phish (244).jpg,Phising
/content/gdrive/MyDrive/dataset_phishing/train/Phising/Phish (28).jpg,Phising
/content/gdrive/MyDrive/dataset_phishing/train/Phising/Phish (270).jpg,Phising
/content/gdrive/MyDrive/dataset_phishing/train/Phising/Phish (240).jpg,Phising
/content/gdrive/MyDrive/dataset_phishing/train/Phising/Phish (265).jpg,Phising
/content/gdrive/MyDrive/dataset_phishing/train/Phising/Phish (255).jpg,Phising
/content/gdrive/MyDrive/dataset_phishing/train/Phising/Phish (269).jpg,Phising
/content/gdrive/MyDrive/dataset_phishing/train/Phising/Phish (261).jpg,Phising
/content/gdrive/MyDrive/dataset_phishing/train/Phising/Phish (278).jpg,Phising
/content/gdrive/MyDrive/dataset_phishing/train/Phising/Phish (254).jpg,Phising
/content/gdrive/MyDrive/dataset_phishing/train/Phising/Phish (263).jpg,Phising
/content/gdrive/MyDrive/dataset_phishing/train/Phising/Phish (238).jpg,Phising
/content/gdrive/MyDrive/dataset_phishing/train/Phising/Phish (237).jpg,Phising
/content/gdrive/MyDrive/dataset_phishing/train/Phising/Phish (268).jpg,Phising
/content/gdrive/MyDrive/dataset_phishing/train/Phising/Phish (26).jpg,Phising
/content/gdrive/MyDrive/dataset_phishing/train/Phising/Phish (27).jpg,Phising
/content/gdrive/MyDrive/dataset_phishing/train/Phising/Phish (250).jpg,Phising
/content/gdrive/MyDrive/dataset_phishing/train/Phising/Phish (256).jpg,Phising
/content/gdrive/MyDrive/dataset_phishing/train/Phising/Phish (239).jpg,Phising
/content/gdrive/MyDrive/dataset_phishing/train/Phising/Phish (248).jpg,Phising
/content/gdrive/MyDrive/dataset_phishing/train/Phising/Phish (264).jpg,Phising
/content/gdrive/MyDrive/dataset_phishing/train/Phising/Phish (247).jpg,Phising
/content/gdrive/MyDrive/dataset_phishing/train/Phising/Phish (249).jpg,Phising
/content/gdrive/MyDrive/dataset_phishing/train/Phising/Phish (312).jpg,Phising
/content/gdrive/MyDrive/dataset_phishing/train/Phising/Phish (296).jpg,Phising
/content/gdrive/MyDrive/dataset_phishing/train/Phising/Phish (31).jpg,Phising
/content/gdrive/MyDrive/dataset_phishing/train/Phising/Phish (288).jpg,Phising
/content/gdrive/MyDrive/dataset_phishing/train/Phising/Phish (305).jpg,Phising
/content/gdrive/MyDrive/dataset_phishing/train/Phising/Phish (297).jpg,Phising
/content/gdrive/MyDrive/dataset_phishing/train/Phising/Phish (286).jpg,Phising
/content/gdrive/MyDrive/dataset_phishing/train/Phising/Phish (311).jpg,Phising
/content/gdrive/MyDrive/dataset_phishing/train/Phising/Phish (284).jpg,Phising
/content/gdrive/MyDrive/dataset_phishing/train/Phising/Phish (32).jpg,Phising
/content/gdrive/MyDrive/dataset_phishing/train/Phising/Phish (301).jpg,Phising
/content/gdrive/MyDrive/dataset_phishing/train/Phising/Phish (283).jpg,Phising
/content/gdrive/MyDrive/dataset_phishing/train/Phising/Phish (294).jpg,Phising
/content/gdrive/MyDrive/dataset_phishing/train/Phising/Phish (308).jpg,Phising
/content/gdrive/MyDrive/dataset_phishing/train/Phising/Phish (289).jpg,Phising
/content/gdrive/MyDrive/dataset_phishing/train/Phising/Phish (292).jpg,Phising
/content/gdrive/MyDrive/dataset_phishing/train/Phising/Phish (309).jpg,Phising
/content/gdrive/MyDrive/dataset_phishing/train/Phising/Phish (314).jpg,Phising
/content/gdrive/MyDrive/dataset_phishing/train/Phising/Phish (317).jpg,Phising
/content/gdrive/MyDrive/dataset_phishing/train/Phising/Phish (303).jpg,Phising
/content/gdrive/MyDrive/dataset_phishing/train/Phising/Phish (302).jpg,Phising
/content/gdrive/MyDrive/dataset_phishing/train/Phising/Phish (306).jpg,Phising
/content/gdrive/MyDrive/dataset_phishing/train/Phising/Phish (298).jpg,Phising
/content/gdrive/MyDrive/dataset_phishing/train/Phising/Phish (313).jpg,Phising
/content/gdrive/MyDrive/dataset_phishing/train/Phising/Phish (3).jpg,Phising
/content/gdrive/MyDrive/dataset_phishing/train/Phising/Phish (287).jpg,Phising
/content/gdrive/MyDrive/dataset_phishing/train/Phising/Phish (282).jpg,Phising
/content/gdrive/MyDrive/dataset_phishing/train/Phising/Phish (319).jpg,Phising
/content/gdrive/MyDrive/dataset_phishing/train/Phising/Phish (304).jpg,Phising
/content/gdrive/MyDrive/dataset_phishing/train/Phising/Phish (310).jpg,Phising
/content/gdrive/MyDrive/dataset_phishing/train/Phising/Phish (280).jpg,Phising
/content/gdrive/MyDrive/dataset_phishing/train/Phising/Phish (318).jpg,Phising
/content/gdrive/MyDrive/dataset_phishing/train/Phising/Phish (307).jpg,Phising
/content/gdrive/MyDrive/dataset_phishing/train/Phising/Phish (295).jpg,Phising
/content/gdrive/MyDrive/dataset_phishing/train/Phising/Phish (316).jpg,Phising
/content/gdrive/MyDrive/dataset_phishing/train/Phising/Phish (281).jpg,Phising
/content/gdrive/MyDrive/dataset_phishing/train/Phising/Phish (29).jpg,Phising
/content/gdrive/MyDrive/dataset_phishing/train/Phising/Phish (333).jpg,Phising
/content/gdrive/MyDrive/dataset_phishing/train/Phising/Phish (332).jpg,Phising
/content/gdrive/MyDrive/dataset_phishing/train/Phising/Phish (321).jpg,Phising
/content/gdrive/MyDrive/dataset_phishing/train/Phising/Phish (337).jpg,Phising
/content/gdrive/MyDrive/dataset_phishing/train/Phising/Phish (35).jpg,Phising
/content/gdrive/MyDrive/dataset_phishing/train/Phising/Phish (338).jpg,Phising
/content/gdrive/MyDrive/dataset_phishing/train/Phising/Phish (325).jpg,Phising
/content/gdrive/MyDrive/dataset_phishing/train/Phising/Phish (328).jpg,Phising
/content/gdrive/MyDrive/dataset_phishing/train/Phising/Phish (345).jpg,Phising
/content/gdrive/MyDrive/dataset_phishing/train/Phising/Phish (361).jpg,Phising
/content/gdrive/MyDrive/dataset_phishing/train/Phising/Phish (359).jpg,Phising
/content/gdrive/MyDrive/dataset_phishing/train/Phising/Phish (329).jpg,Phising
/content/gdrive/MyDrive/dataset_phishing/train/Phising/Phish (348).jpg,Phising
/content/gdrive/MyDrive/dataset_phishing/train/Phising/Phish (334).jpg,Phising
/content/gdrive/MyDrive/dataset_phishing/train/Phising/Phish (357).jpg,Phising
/content/gdrive/MyDrive/dataset_phishing/train/Phising/Phish (323).jpg,Phising
/content/gdrive/MyDrive/dataset_phishing/train/Phising/Phish (324).jpg,Phising
/content/gdrive/MyDrive/dataset_phishing/train/Phising/Phish (363).jpg,Phising
/content/gdrive/MyDrive/dataset_phishing/train/Phising/Phish (327).jpg,Phising
/content/gdrive/MyDrive/dataset_phishing/train/Phising/Phish (362).jpg,Phising
/content/gdrive/MyDrive/dataset_phishing/train/Phising/Phish (33).jpg,Phising
/content/gdrive/MyDrive/dataset_phishing/train/Phising/Phish (347).jpg,Phising
/content/gdrive/MyDrive/dataset_phishing/train/Phising/Phish (350).jpg,Phising
/content/gdrive/MyDrive/dataset_phishing/train/Phising/Phish (356).jpg,Phising
/content/gdrive/MyDrive/dataset_phishing/train/Phising/Phish (354).jpg,Phising
/content/gdrive/MyDrive/dataset_phishing/train/Phising/Phish (349).jpg,Phising
/content/gdrive/MyDrive/dataset_phishing/train/Phising/Phish (355).jpg,Phising
/content/gdrive/MyDrive/dataset_phishing/train/Phising/Phish (360).jpg,Phising
/content/gdrive/MyDrive/dataset_phishing/train/Phising/Phish (339).jpg,Phising
/content/gdrive/MyDrive/dataset_phishing/train/Phising/Phish (353).jpg,Phising
/content/gdrive/MyDrive/dataset_phishing/train/Phising/Phish (358).jpg,Phising
/content/gdrive/MyDrive/dataset_phishing/train/Phising/Phish (341).jpg,Phising
/content/gdrive/MyDrive/dataset_phishing/train/Phising/Phish (352).jpg,Phising
/content/gdrive/MyDrive/dataset_phishing/train/Phising/Phish (36).jpg,Phising
/content/gdrive/MyDrive/dataset_phishing/train/Phising/Phish (351).jpg,Phising
/content/gdrive/MyDrive/dataset_phishing/train/Phising/Phish (335).jpg,Phising
/content/gdrive/MyDrive/dataset_phishing/train/Phising/Phish (343).jpg,Phising
/content/gdrive/MyDrive/dataset_phishing/train/Phising/Phish (344).jpg,Phising
/content/gdrive/MyDrive/dataset_phishing/train/Phising/Phish (340).jpg,Phising
/content/gdrive/MyDrive/dataset_phishing/train/Phising/Phish (326).jpg,Phising
/content/gdrive/MyDrive/dataset_phishing/train/Phising/Phish (372).jpg,Phising
/content/gdrive/MyDrive/dataset_phishing/train/Phising/Phish (40).jpg,Phising
/content/gdrive/MyDrive/dataset_phishing/train/Phising/Phish (379).jpg,Phising
/content/gdrive/MyDrive/dataset_phishing/train/Phising/Phish (376).jpg,Phising
/content/gdrive/MyDrive/dataset_phishing/train/Phising/Phish (384).jpg,Phising
/content/gdrive/MyDrive/dataset_phishing/train/Phising/Phish (366).jpg,Phising
/content/gdrive/MyDrive/dataset_phishing/train/Phising/Phish (399).jpg,Phising
/content/gdrive/MyDrive/dataset_phishing/train/Phising/Phish (394).jpg,Phising
/content/gdrive/MyDrive/dataset_phishing/train/Phising/Phish (39).jpg,Phising
/content/gdrive/MyDrive/dataset_phishing/train/Phising/Phish (389).jpg,Phising
/content/gdrive/MyDrive/dataset_phishing/train/Phising/Phish (380).jpg,Phising
/content/gdrive/MyDrive/dataset_phishing/train/Phising/Phish (37).jpg,Phising
/content/gdrive/MyDrive/dataset_phishing/train/Phising/Phish (391).jpg,Phising
/content/gdrive/MyDrive/dataset_phishing/train/Phising/Phish (386).jpg,Phising
/content/gdrive/MyDrive/dataset_phishing/train/Phising/Phish (377).jpg,Phising
/content/gdrive/MyDrive/dataset_phishing/train/Phising/Phish (387).jpg,Phising
/content/gdrive/MyDrive/dataset_phishing/train/Phising/Phish (41).jpg,Phising
/content/gdrive/MyDrive/dataset_phishing/train/Phising/Phish (381).jpg,Phising
/content/gdrive/MyDrive/dataset_phishing/train/Phising/Phish (368).jpg,Phising
/content/gdrive/MyDrive/dataset_phishing/train/Phising/Phish (4).jpg,Phising
/content/gdrive/MyDrive/dataset_phishing/train/Phising/Phish (373).jpg,Phising
/content/gdrive/MyDrive/dataset_phishing/train/Phising/Phish (388).jpg,Phising
/content/gdrive/MyDrive/dataset_phishing/train/Phising/Phish (370).jpg,Phising
/content/gdrive/MyDrive/dataset_phishing/train/Phising/Phish (367).jpg,Phising
/content/gdrive/MyDrive/dataset_phishing/train/Phising/Phish (390).jpg,Phising
/content/gdrive/MyDrive/dataset_phishing/train/Phising/Phish (405).jpg,Phising
/content/gdrive/MyDrive/dataset_phishing/train/Phising/Phish (401).jpg,Phising
/content/gdrive/MyDrive/dataset_phishing/train/Phising/Phish (395).jpg,Phising
/content/gdrive/MyDrive/dataset_phishing/train/Phising/Phish (409).jpg,Phising
/content/gdrive/MyDrive/dataset_phishing/train/Phising/Phish (396).jpg,Phising
/content/gdrive/MyDrive/dataset_phishing/train/Phising/Phish (369).jpg,Phising
/content/gdrive/MyDrive/dataset_phishing/train/Phising/Phish (397).jpg,Phising
/content/gdrive/MyDrive/dataset_phishing/train/Phising/Phish (378).jpg,Phising
/content/gdrive/MyDrive/dataset_phishing/train/Phising/Phish (371).jpg,Phising
/content/gdrive/MyDrive/dataset_phishing/train/Phising/Phish (404).jpg,Phising
/content/gdrive/MyDrive/dataset_phishing/train/Phising/Phish (403).jpg,Phising
/content/gdrive/MyDrive/dataset_phishing/train/Phising/Phish (365).jpg,Phising
/content/gdrive/MyDrive/dataset_phishing/train/Phising/Phish (74).jpg,Phising
/content/gdrive/MyDrive/dataset_phishing/train/Phising/Phish (50).jpg,Phising
/content/gdrive/MyDrive/dataset_phishing/train/Phising/Phish (59).jpg,Phising
/content/gdrive/MyDrive/dataset_phishing/train/Phising/Phish (46).jpg,Phising
/content/gdrive/MyDrive/dataset_phishing/train/Phising/Phish (81).jpg,Phising
/content/gdrive/MyDrive/dataset_phishing/train/Phising/Phish (45).jpg,Phising
/content/gdrive/MyDrive/dataset_phishing/train/Phising/Phish (79).jpg,Phising
/content/gdrive/MyDrive/dataset_phishing/train/Phising/Phish (84).jpg,Phising
/content/gdrive/MyDrive/dataset_phishing/train/Phising/Phish (60).jpg,Phising
/content/gdrive/MyDrive/dataset_phishing/train/Phising/Phish (72).jpg,Phising
/content/gdrive/MyDrive/dataset_phishing/train/Phising/Phish (52).jpg,Phising
/content/gdrive/MyDrive/dataset_phishing/train/Phising/Phish (86).jpg,Phising
/content/gdrive/MyDrive/dataset_phishing/train/Phising/Phish (70).jpg,Phising
/content/gdrive/MyDrive/dataset_phishing/train/Phising/Phish (82).jpg,Phising
/content/gdrive/MyDrive/dataset_phishing/train/Phising/Phish (83).jpg,Phising
/content/gdrive/MyDrive/dataset_phishing/train/Phising/Phish (48).jpg,Phising
/content/gdrive/MyDrive/dataset_phishing/train/Phising/Phish (75).jpg,Phising
/content/gdrive/MyDrive/dataset_phishing/train/Phising/Phish (53).jpg,Phising
/content/gdrive/MyDrive/dataset_phishing/train/Phising/Phish (62).jpg,Phising
/content/gdrive/MyDrive/dataset_phishing/train/Phising/Phish (54).jpg,Phising
/content/gdrive/MyDrive/dataset_phishing/train/Phising/Phish (58).jpg,Phising
/content/gdrive/MyDrive/dataset_phishing/train/Phising/Phish (78).jpg,Phising
/content/gdrive/MyDrive/dataset_phishing/train/Phising/Phish (56).jpg,Phising
/content/gdrive/MyDrive/dataset_phishing/train/Phising/Phish (69).jpg,Phising
/content/gdrive/MyDrive/dataset_phishing/train/Phising/Phish (67).jpg,Phising
/content/gdrive/MyDrive/dataset_phishing/train/Phising/Phish (44).jpg,Phising
/content/gdrive/MyDrive/dataset_phishing/train/Phising/Phish (51).jpg,Phising
/content/gdrive/MyDrive/dataset_phishing/train/Phising/Phish (43).jpg,Phising
/content/gdrive/MyDrive/dataset_phishing/train/Phising/Phish (49).jpg,Phising
/content/gdrive/MyDrive/dataset_phishing/train/Phising/Phish (71).jpg,Phising
/content/gdrive/MyDrive/dataset_phishing/train/Phising/Phish (57).jpg,Phising
/content/gdrive/MyDrive/dataset_phishing/train/Phising/Phish (68).jpg,Phising
/content/gdrive/MyDrive/dataset_phishing/train/Phising/Phish (63).jpg,Phising
/content/gdrive/MyDrive/dataset_phishing/train/Phising/Phish (61).jpg,Phising
/content/gdrive/MyDrive/dataset_phishing/train/Phising/Phish (80).jpg,Phising
/content/gdrive/MyDrive/dataset_phishing/train/Phising/Phish (76).jpg,Phising
/content/gdrive/MyDrive/dataset_phishing/train/Phising/Phish (8).jpg,Phising
/content/gdrive/MyDrive/dataset_phishing/train/Phising/Phish (47).jpg,Phising
/content/gdrive/MyDrive/dataset_phishing/train/Phising/Phish (65).jpg,Phising
/content/gdrive/MyDrive/dataset_phishing/train/Phising/Phish (42).jpg,Phising
/content/gdrive/MyDrive/dataset_phishing/train/Phising/Phish (66).jpg,Phising
/content/gdrive/MyDrive/dataset_phishing/train/Phising/Phish (6).jpg,Phising
/content/gdrive/MyDrive/dataset_phishing/train/Phising/Phish (73).jpg,Phising
/content/gdrive/MyDrive/dataset_phishing/train/Phising/Phish (77).jpg,Phising
/content/gdrive/MyDrive/dataset_phishing/train/Phising/Phish (98).jpg,Phising
/content/gdrive/MyDrive/dataset_phishing/train/Phising/Phish (97).jpg,Phising
/content/gdrive/MyDrive/dataset_phishing/train/Phising/Phish (95).jpg,Phising
/content/gdrive/MyDrive/dataset_phishing/train/Phising/Phish (88).jpg,Phising
/content/gdrive/MyDrive/dataset_phishing/train/Phising/Phish (9).jpg,Phising
/content/gdrive/MyDrive/dataset_phishing/train/Phising/Phish (94).jpg,Phising
/content/gdrive/MyDrive/dataset_phishing/train/Phising/Phish (89).jpg,Phising
/content/gdrive/MyDrive/dataset_phishing/train/Phising/Phish (87).jpg,Phising
/content/gdrive/MyDrive/dataset_phishing/train/Phising/Phish (90).jpg,Phising
/content/gdrive/MyDrive/dataset_phishing/train/Phising/Phish (93).jpg,Phising
/content/gdrive/MyDrive/dataset_phishing/validation/UnPhising/Unphish (123).jpg,UnPhising
/content/gdrive/MyDrive/dataset_phishing/validation/UnPhising/Unphish (113).jpg,UnPhising
/content/gdrive/MyDrive/dataset_phishing/validation/UnPhising/Unphish (102).jpg,UnPhising
/content/gdrive/MyDrive/dataset_phishing/validation/UnPhising/Unphish (107).jpg,UnPhising
/content/gdrive/MyDrive/dataset_phishing/validation/UnPhising/Unphish (101).jpg,UnPhising
/content/gdrive/MyDrive/dataset_phishing/validation/UnPhising/Unphish (112).jpg,UnPhising
/content/gdrive/MyDrive/dataset_phishing/validation/UnPhising/Unphish (132).jpg,UnPhising
/content/gdrive/MyDrive/dataset_phishing/validation/UnPhising/Unphish (136).jpg,UnPhising
/content/gdrive/MyDrive/dataset_phishing/validation/UnPhising/Unphish (164).jpg,UnPhising
/content/gdrive/MyDrive/dataset_phishing/validation/UnPhising/Unphish (145).jpg,UnPhising
/content/gdrive/MyDrive/dataset_phishing/validation/UnPhising/Unphish (142).jpg,UnPhising
/content/gdrive/MyDrive/dataset_phishing/validation/UnPhising/Unphish (180).jpg,UnPhising
/content/gdrive/MyDrive/dataset_phishing/validation/UnPhising/Unphish (204).jpg,UnPhising
/content/gdrive/MyDrive/dataset_phishing/validation/UnPhising/Unphish (190).jpg,UnPhising
/content/gdrive/MyDrive/dataset_phishing/validation/UnPhising/Unphish (201).jpg,UnPhising
/content/gdrive/MyDrive/dataset_phishing/validation/UnPhising/Unphish (193).jpg,UnPhising
/content/gdrive/MyDrive/dataset_phishing/validation/UnPhising/Unphish (242).jpg,UnPhising
/content/gdrive/MyDrive/dataset_phishing/validation/UnPhising/Unphish (217).jpg,UnPhising
/content/gdrive/MyDrive/dataset_phishing/validation/UnPhising/Unphish (211).jpg,UnPhising
/content/gdrive/MyDrive/dataset_phishing/validation/UnPhising/Unphish (254).jpg,UnPhising
/content/gdrive/MyDrive/dataset_phishing/validation/UnPhising/Unphish (260).jpg,UnPhising
/content/gdrive/MyDrive/dataset_phishing/validation/UnPhising/Unphish (273).jpg,UnPhising
/content/gdrive/MyDrive/dataset_phishing/validation/UnPhising/Unphish (256).jpg,UnPhising
/content/gdrive/MyDrive/dataset_phishing/validation/UnPhising/Unphish (314).jpg,UnPhising
/content/gdrive/MyDrive/dataset_phishing/validation/UnPhising/Unphish (303).jpg,UnPhising
/content/gdrive/MyDrive/dataset_phishing/validation/UnPhising/Unphish (326).jpg,UnPhising
/content/gdrive/MyDrive/dataset_phishing/validation/UnPhising/Unphish (310).jpg,UnPhising
/content/gdrive/MyDrive/dataset_phishing/validation/UnPhising/Unphish (338).jpg,UnPhising
/content/gdrive/MyDrive/dataset_phishing/validation/UnPhising/Unphish (339).jpg,UnPhising
/content/gdrive/MyDrive/dataset_phishing/validation/UnPhising/Unphish (307).jpg,UnPhising
/content/gdrive/MyDrive/dataset_phishing/validation/UnPhising/Unphish (330).jpg,UnPhising
/content/gdrive/MyDrive/dataset_phishing/validation/UnPhising/Unphish (325).jpg,UnPhising
/content/gdrive/MyDrive/dataset_phishing/validation/UnPhising/Unphish (377).jpg,UnPhising
/content/gdrive/MyDrive/dataset_phishing/validation/UnPhising/Unphish (383).jpg,UnPhising
/content/gdrive/MyDrive/dataset_phishing/validation/UnPhising/Unphish (362).jpg,UnPhising
/content/gdrive/MyDrive/dataset_phishing/validation/UnPhising/Unphish (384).jpg,UnPhising
/content/gdrive/MyDrive/dataset_phishing/validation/UnPhising/Unphish (381).jpg,UnPhising
/content/gdrive/MyDrive/dataset_phishing/validation/UnPhising/Unphish (40).jpg,UnPhising
/content/gdrive/MyDrive/dataset_phishing/validation/UnPhising/Unphish (398).jpg,UnPhising
/content/gdrive/MyDrive/dataset_phishing/validation/UnPhising/Unphish (418).jpg,UnPhising
/content/gdrive/MyDrive/dataset_phishing/validation/UnPhising/Unphish (457).jpg,UnPhising
/content/gdrive/MyDrive/dataset_phishing/validation/UnPhising/Unphish (468).jpg,UnPhising
/content/gdrive/MyDrive/dataset_phishing/validation/UnPhising/Unphish (440).jpg,UnPhising
/content/gdrive/MyDrive/dataset_phishing/validation/UnPhising/Unphish (474).jpg,UnPhising
/content/gdrive/MyDrive/dataset_phishing/validation/UnPhising/Unphish (504).jpg,UnPhising
/content/gdrive/MyDrive/dataset_phishing/validation/UnPhising/Unphish (498).jpg,UnPhising
/content/gdrive/MyDrive/dataset_phishing/validation/UnPhising/Unphish (515).jpg,UnPhising
/content/gdrive/MyDrive/dataset_phishing/validation/UnPhising/Unphish (516).jpg,UnPhising
/content/gdrive/MyDrive/dataset_phishing/validation/UnPhising/Unphish (552).jpg,UnPhising
/content/gdrive/MyDrive/dataset_phishing/validation/UnPhising/Unphish (537).jpg,UnPhising
/content/gdrive/MyDrive/dataset_phishing/validation/UnPhising/Unphish (529).jpg,UnPhising
/content/gdrive/MyDrive/dataset_phishing/validation/UnPhising/Unphish (568).jpg,UnPhising
/content/gdrive/MyDrive/dataset_phishing/validation/UnPhising/Unphish (72).jpg,UnPhising
/content/gdrive/MyDrive/dataset_phishing/validation/UnPhising/Unphish (85).jpg,UnPhising
/content/gdrive/MyDrive/dataset_phishing/validation/UnPhising/Unphish (71).jpg,UnPhising
/content/gdrive/MyDrive/dataset_phishing/validation/UnPhising/Unphish (83).jpg,UnPhising
/content/gdrive/MyDrive/dataset_phishing/validation/UnPhising/Unphish (77).jpg,UnPhising
/content/gdrive/MyDrive/dataset_phishing/validation/Phising/Phish (145).jpg,Phising
/content/gdrive/MyDrive/dataset_phishing/validation/Phising/Phish (13).jpg,Phising
/content/gdrive/MyDrive/dataset_phishing/validation/Phising/Phish (134).jpg,Phising
/content/gdrive/MyDrive/dataset_phishing/validation/Phising/Phish (102).jpg,Phising
/content/gdrive/MyDrive/dataset_phishing/validation/Phising/Phish (107).jpg,Phising
/content/gdrive/MyDrive/dataset_phishing/validation/Phising/Phish (112).jpg,Phising
/content/gdrive/MyDrive/dataset_phishing/validation/Phising/Phish (100).jpg,Phising
/content/gdrive/MyDrive/dataset_phishing/validation/Phising/Phish (127).jpg,Phising
/content/gdrive/MyDrive/dataset_phishing/validation/Phising/Phish (166).jpg,Phising
/content/gdrive/MyDrive/dataset_phishing/validation/Phising/Phish (185).jpg,Phising
/content/gdrive/MyDrive/dataset_phishing/validation/Phising/Phish (164).jpg,Phising
/content/gdrive/MyDrive/dataset_phishing/validation/Phising/Phish (205).jpg,Phising
/content/gdrive/MyDrive/dataset_phishing/validation/Phising/Phish (218).jpg,Phising
/content/gdrive/MyDrive/dataset_phishing/validation/Phising/Phish (224).jpg,Phising
/content/gdrive/MyDrive/dataset_phishing/validation/Phising/Phish (208).jpg,Phising
/content/gdrive/MyDrive/dataset_phishing/validation/Phising/Phish (245).jpg,Phising
/content/gdrive/MyDrive/dataset_phishing/validation/Phising/Phish (274).jpg,Phising
/content/gdrive/MyDrive/dataset_phishing/validation/Phising/Phish (246).jpg,Phising
/content/gdrive/MyDrive/dataset_phishing/validation/Phising/Phish (290).jpg,Phising
/content/gdrive/MyDrive/dataset_phishing/validation/Phising/Phish (300).jpg,Phising
/content/gdrive/MyDrive/dataset_phishing/validation/Phising/Phish (291).jpg,Phising
/content/gdrive/MyDrive/dataset_phishing/validation/Phising/Phish (285).jpg,Phising
/content/gdrive/MyDrive/dataset_phishing/validation/Phising/Phish (299).jpg,Phising
/content/gdrive/MyDrive/dataset_phishing/validation/Phising/Phish (330).jpg,Phising
/content/gdrive/MyDrive/dataset_phishing/validation/Phising/Phish (336).jpg,Phising
/content/gdrive/MyDrive/dataset_phishing/validation/Phising/Phish (342).jpg,Phising
/content/gdrive/MyDrive/dataset_phishing/validation/Phising/Phish (322).jpg,Phising
/content/gdrive/MyDrive/dataset_phishing/validation/Phising/Phish (364).jpg,Phising
/content/gdrive/MyDrive/dataset_phishing/validation/Phising/Phish (34).jpg,Phising
/content/gdrive/MyDrive/dataset_phishing/validation/Phising/Phish (406).jpg,Phising
/content/gdrive/MyDrive/dataset_phishing/validation/Phising/Phish (392).jpg,Phising
/content/gdrive/MyDrive/dataset_phishing/validation/Phising/Phish (374).jpg,Phising
/content/gdrive/MyDrive/dataset_phishing/validation/Phising/Phish (393).jpg,Phising
/content/gdrive/MyDrive/dataset_phishing/validation/Phising/Phish (385).jpg,Phising
/content/gdrive/MyDrive/dataset_phishing/validation/Phising/Phish (64).jpg,Phising
/content/gdrive/MyDrive/dataset_phishing/validation/Phising/Phish (85).jpg,Phising
/content/gdrive/MyDrive/dataset_phishing/validation/Phising/Phish (55).jpg,Phising
/content/gdrive/MyDrive/dataset_phishing/validation/Phising/Phish (7).jpg,Phising
/content/gdrive/MyDrive/dataset_phishing/validation/Phising/Phish (5).jpg,Phising
/content/gdrive/MyDrive/dataset_phishing/validation/Phising/Phish (99).jpg,Phising
/content/gdrive/MyDrive/dataset_phishing/validation/Phising/Phish (96).jpg,Phising
/content/gdrive/MyDrive/dataset_phishing/validation/Phising/Phish (91).jpg,Phising
/content/gdrive/MyDrive/dataset_phishing/test/UnPhising/Unphish (115).jpg,UnPhising
/content/gdrive/MyDrive/dataset_phishing/test/UnPhising/Unphish (119).jpg,UnPhising
/content/gdrive/MyDrive/dataset_phishing/test/UnPhising/Unphish (109).jpg,UnPhising
/content/gdrive/MyDrive/dataset_phishing/test/UnPhising/Unphish (133).jpg,UnPhising
/content/gdrive/MyDrive/dataset_phishing/test/UnPhising/Unphish (137).jpg,UnPhising
/content/gdrive/MyDrive/dataset_phishing/test/UnPhising/Unphish (162).jpg,UnPhising
/content/gdrive/MyDrive/dataset_phishing/test/UnPhising/Unphish (143).jpg,UnPhising
/content/gdrive/MyDrive/dataset_phishing/test/UnPhising/Unphish (141).jpg,UnPhising
/content/gdrive/MyDrive/dataset_phishing/test/UnPhising/Unphish (208).jpg,UnPhising
/content/gdrive/MyDrive/dataset_phishing/test/UnPhising/Unphish (177).jpg,UnPhising
/content/gdrive/MyDrive/dataset_phishing/test/UnPhising/Unphish (20).jpg,UnPhising
/content/gdrive/MyDrive/dataset_phishing/test/UnPhising/Unphish (172).jpg,UnPhising
/content/gdrive/MyDrive/dataset_phishing/test/UnPhising/Unphish (181).jpg,UnPhising
/content/gdrive/MyDrive/dataset_phishing/test/UnPhising/Unphish (185).jpg,UnPhising
/content/gdrive/MyDrive/dataset_phishing/test/UnPhising/Unphish (243).jpg,UnPhising
/content/gdrive/MyDrive/dataset_phishing/test/UnPhising/Unphish (224).jpg,UnPhising
/content/gdrive/MyDrive/dataset_phishing/test/UnPhising/Unphish (227).jpg,UnPhising
/content/gdrive/MyDrive/dataset_phishing/test/UnPhising/Unphish (212).jpg,UnPhising
/content/gdrive/MyDrive/dataset_phishing/test/UnPhising/Unphish (246).jpg,UnPhising
/content/gdrive/MyDrive/dataset_phishing/test/UnPhising/Unphish (249).jpg,UnPhising
/content/gdrive/MyDrive/dataset_phishing/test/UnPhising/Unphish (229).jpg,UnPhising
/content/gdrive/MyDrive/dataset_phishing/test/UnPhising/Unphish (218).jpg,UnPhising
/content/gdrive/MyDrive/dataset_phishing/test/UnPhising/Unphish (277).jpg,UnPhising
/content/gdrive/MyDrive/dataset_phishing/test/UnPhising/Unphish (268).jpg,UnPhising
/content/gdrive/MyDrive/dataset_phishing/test/UnPhising/Unphish (265).jpg,UnPhising
/content/gdrive/MyDrive/dataset_phishing/test/UnPhising/Unphish (291).jpg,UnPhising
/content/gdrive/MyDrive/dataset_phishing/test/UnPhising/Unphish (275).jpg,UnPhising
/content/gdrive/MyDrive/dataset_phishing/test/UnPhising/Unphish (335).jpg,UnPhising
/content/gdrive/MyDrive/dataset_phishing/test/UnPhising/Unphish (299).jpg,UnPhising
/content/gdrive/MyDrive/dataset_phishing/test/UnPhising/Unphish (309).jpg,UnPhising
/content/gdrive/MyDrive/dataset_phishing/test/UnPhising/Unphish (358).jpg,UnPhising
/content/gdrive/MyDrive/dataset_phishing/test/UnPhising/Unphish (356).jpg,UnPhising
/content/gdrive/MyDrive/dataset_phishing/test/UnPhising/Unphish (37).jpg,UnPhising
/content/gdrive/MyDrive/dataset_phishing/test/UnPhising/Unphish (371).jpg,UnPhising
/content/gdrive/MyDrive/dataset_phishing/test/UnPhising/Unphish (370).jpg,UnPhising
/content/gdrive/MyDrive/dataset_phishing/test/UnPhising/Unphish (365).jpg,UnPhising
/content/gdrive/MyDrive/dataset_phishing/test/UnPhising/Unphish (382).jpg,UnPhising
/content/gdrive/MyDrive/dataset_phishing/test/UnPhising/Unphish (343).jpg,UnPhising
/content/gdrive/MyDrive/dataset_phishing/test/UnPhising/Unphish (43).jpg,UnPhising
/content/gdrive/MyDrive/dataset_phishing/test/UnPhising/Unphish (409).jpg,UnPhising
/content/gdrive/MyDrive/dataset_phishing/test/UnPhising/Unphish (430).jpg,UnPhising
/content/gdrive/MyDrive/dataset_phishing/test/UnPhising/Unphish (420).jpg,UnPhising
/content/gdrive/MyDrive/dataset_phishing/test/UnPhising/Unphish (391).jpg,UnPhising
/content/gdrive/MyDrive/dataset_phishing/test/UnPhising/Unphish (412).jpg,UnPhising
/content/gdrive/MyDrive/dataset_phishing/test/UnPhising/Unphish (441).jpg,UnPhising
/content/gdrive/MyDrive/dataset_phishing/test/UnPhising/Unphish (453).jpg,UnPhising
/content/gdrive/MyDrive/dataset_phishing/test/UnPhising/Unphish (432).jpg,UnPhising
/content/gdrive/MyDrive/dataset_phishing/test/UnPhising/Unphish (459).jpg,UnPhising
/content/gdrive/MyDrive/dataset_phishing/test/UnPhising/Unphish (437).jpg,UnPhising
/content/gdrive/MyDrive/dataset_phishing/test/UnPhising/Unphish (471).jpg,UnPhising
/content/gdrive/MyDrive/dataset_phishing/test/UnPhising/Unphish (473).jpg,UnPhising
/content/gdrive/MyDrive/dataset_phishing/test/UnPhising/Unphish (445).jpg,UnPhising
/content/gdrive/MyDrive/dataset_phishing/test/UnPhising/Unphish (451).jpg,UnPhising
/content/gdrive/MyDrive/dataset_phishing/test/UnPhising/Unphish (45).jpg,UnPhising
/content/gdrive/MyDrive/dataset_phishing/test/UnPhising/Unphish (507).jpg,UnPhising
/content/gdrive/MyDrive/dataset_phishing/test/UnPhising/Unphish (509).jpg,UnPhising
/content/gdrive/MyDrive/dataset_phishing/test/UnPhising/Unphish (475).jpg,UnPhising
/content/gdrive/MyDrive/dataset_phishing/test/UnPhising/Unphish (517).jpg,UnPhising
/content/gdrive/MyDrive/dataset_phishing/test/UnPhising/Unphish (49).jpg,UnPhising
/content/gdrive/MyDrive/dataset_phishing/test/UnPhising/Unphish (500).jpg,UnPhising
/content/gdrive/MyDrive/dataset_phishing/test/UnPhising/Unphish (538).jpg,UnPhising
/content/gdrive/MyDrive/dataset_phishing/test/UnPhising/Unphish (557).jpg,UnPhising
/content/gdrive/MyDrive/dataset_phishing/test/UnPhising/Unphish (558).jpg,UnPhising
/content/gdrive/MyDrive/dataset_phishing/test/UnPhising/Unphish (87).jpg,UnPhising
/content/gdrive/MyDrive/dataset_phishing/test/UnPhising/Unphish (59).jpg,UnPhising
/content/gdrive/MyDrive/dataset_phishing/test/Phising/Phish (123).jpg,Phising
/content/gdrive/MyDrive/dataset_phishing/test/Phising/Phish (116).jpg,Phising
/content/gdrive/MyDrive/dataset_phishing/test/Phising/Phish (153).jpg,Phising
/content/gdrive/MyDrive/dataset_phishing/test/Phising/Phish (167).jpg,Phising
/content/gdrive/MyDrive/dataset_phishing/test/Phising/Phish (18).jpg,Phising
/content/gdrive/MyDrive/dataset_phishing/test/Phising/Phish (157).jpg,Phising
/content/gdrive/MyDrive/dataset_phishing/test/Phising/Phish (173).jpg,Phising
/content/gdrive/MyDrive/dataset_phishing/test/Phising/Phish (147).jpg,Phising
/content/gdrive/MyDrive/dataset_phishing/test/Phising/Phish (168).jpg,Phising
/content/gdrive/MyDrive/dataset_phishing/test/Phising/Phish (201).jpg,Phising
/content/gdrive/MyDrive/dataset_phishing/test/Phising/Phish (210).jpg,Phising
/content/gdrive/MyDrive/dataset_phishing/test/Phising/Phish (20).jpg,Phising
/content/gdrive/MyDrive/dataset_phishing/test/Phising/Phish (277).jpg,Phising
/content/gdrive/MyDrive/dataset_phishing/test/Phising/Phish (272).jpg,Phising
/content/gdrive/MyDrive/dataset_phishing/test/Phising/Phish (260).jpg,Phising
/content/gdrive/MyDrive/dataset_phishing/test/Phising/Phish (262).jpg,Phising
/content/gdrive/MyDrive/dataset_phishing/test/Phising/Phish (253).jpg,Phising
/content/gdrive/MyDrive/dataset_phishing/test/Phising/Phish (25).jpg,Phising
/content/gdrive/MyDrive/dataset_phishing/test/Phising/Phish (320).jpg,Phising
/content/gdrive/MyDrive/dataset_phishing/test/Phising/Phish (293).jpg,Phising
/content/gdrive/MyDrive/dataset_phishing/test/Phising/Phish (315).jpg,Phising
/content/gdrive/MyDrive/dataset_phishing/test/Phising/Phish (30).jpg,Phising
/content/gdrive/MyDrive/dataset_phishing/test/Phising/Phish (346).jpg,Phising
/content/gdrive/MyDrive/dataset_phishing/test/Phising/Phish (331).jpg,Phising
/content/gdrive/MyDrive/dataset_phishing/test/Phising/Phish (398).jpg,Phising
/content/gdrive/MyDrive/dataset_phishing/test/Phising/Phish (402).jpg,Phising
/content/gdrive/MyDrive/dataset_phishing/test/Phising/Phish (382).jpg,Phising
/content/gdrive/MyDrive/dataset_phishing/test/Phising/Phish (400).jpg,Phising
/content/gdrive/MyDrive/dataset_phishing/test/Phising/Phish (375).jpg,Phising
/content/gdrive/MyDrive/dataset_phishing/test/Phising/Phish (383).jpg,Phising
/content/gdrive/MyDrive/dataset_phishing/test/Phising/Phish (38).jpg,Phising
/content/gdrive/MyDrive/dataset_phishing/test/Phising/Phish (92).jpg,Phising
